id,name,place_of_birth,date_of_birth,ethnicity,nationality,specialization,gender,height,weight,astrological_sign
0,牛尔,其它,1960-1969,未知,中国/台湾,未知,男,未知,未知,水瓶
1,方舟子,福建,1960-1969,汉,中国,未知,男,未知,未知,未知
2,袁隆平,北京,1900-1959,汉,中国,科学/其它,男,未知,未知,处女
3,刘德华,香港,1960-1969,汉,中国/香港,娱乐/文艺,男,170-180,60-70,天秤
4,周杰伦,台湾,1970-1979,汉,中国,娱乐/商业/文艺,男,170-180,未知,摩羯
5,杨幂,北京,1980-1989,汉,未知,娱乐,女,160-170,40-50,处女
6,李宇春,四川,1980-1989,汉,中国,娱乐,女,170-180,40-50,双鱼
7,范冰冰,山东,1980-1989,汉,中国,娱乐,女,160-170,50-60,处女
8,章子怡,北京,1970-1979,汉,中国,娱乐/文艺,女,160-170,未知,水瓶
9,王心凌,台湾,1980-1989,汉,中国,娱乐/文艺,女,s160,40-50,处女
10,张柏芝,香港,1980-1989,汉,中国,娱乐,女,160-170,40-50,双子
11,成龙,香港,1900-1959,汉,中国,娱乐,男,170-180,70-80,白羊
12,姚明,上海,1980-1989,汉,中国,娱乐/体育,男,geq190,geq90,处女
13,赵薇,安徽,1970-1979,汉,中国,娱乐,女,160-170,40-50,双鱼
14,谢娜,四川,1980-1989,汉,中国,娱乐/文艺,女,160-170,40-50,金牛
15,张靓颖,四川,1980-1989,汉,中国,娱乐/文艺,女,160-170,40-50,天秤
16,林心如,台湾,1970-1979,汉,中国,娱乐,女,160-170,40-50,水瓶
17,胡歌,上海,1980-1989,汉,中国,娱乐/商业/文艺,男,180-190,70-80,处女
18,柳岩,湖南,1980-1989,汉,中国,娱乐,女,160-170,40-50,天蝎
19,陈冠希,其它,1980-1989,未知,美加,娱乐,男,170-180,60-70,天秤
20,谢霆锋,香港,1980-1989,汉,美加,娱乐/商业/文艺,男,170-180,60-70,处女
21,张韶涵,台湾,1980-1989,汉,中国,娱乐,女,s160,40-50,摩羯
22,林志颖,台湾,1970-1979,汉,中国,娱乐/商业,男,170-180,50-60,天秤
23,林书豪,美国,1980-1989,汉,中国,娱乐,男,geq190,geq90,处女
24,苍井空,日本,1980-1989,未知,日本,娱乐,女,s160,40-50,天蝎
25,蔡依林,台湾,1980-1989,汉,中国,娱乐/文艺,女,s160,40-50,处女
26,周星驰,香港,1960-1969,汉,中国,娱乐/商业/文艺/政治,男,170-180,60-70,巨蟹
27,吴奇隆,台湾,1970-1979,汉,中国,娱乐,男,170-180,60-70,天蝎
28,郭敬明,四川,1980-1989,汉,中国,娱乐/商业/文艺,男,s160,未知,双子
29,杨颖,上海/香港,1980-1989,汉,中国,娱乐,女,160-170,40-50,双鱼
30,陈奕迅,香港,1970-1979,汉,中国,娱乐,男,170-180,70-80,狮子
31,莫言,山东,1900-1959,汉,中国,娱乐/文艺,男,未知,未知,摩羯
32,孙俪,上海,1980-1989,汉,中国,娱乐,女,160-170,未知,天秤
33,林志玲,台湾,1970-1979,汉,中国,娱乐,女,170-180,50-60,射手
34,张馨予,江苏,1980-1989,汉,中国,娱乐/文艺,女,160-170,50-60,白羊
35,钟汉良,香港,1970-1979,汉,中国,娱乐/文艺,男,180-190,60-70,射手
36,王祖蓝,香港,1980-1989,汉,中国,娱乐/其它,男,160-170,50-60,摩羯
37,刘恺威,香港,1970-1979,其它,中国/香港,娱乐,男,170-180,60-70,天秤
38,郭美美,湖南,1990至今,汉,中国,娱乐,女,160-170,40-50,双子
39,白百何,山东,1980-1989,汉,中国,娱乐,女,170-180,未知,双鱼
40,钱学森,上海,1900-1959,汉,中国,科学,男,160-170,未知,射手
41,唐嫣,上海,1980-1989,汉,中国,娱乐,女,170-180,40-50,射手
42,温碧霞,香港,1960-1969,汉,美加,娱乐,女,160-170,40-50,狮子
43,尹恩惠,韩国,1980-1989,朝鲜,韩国,娱乐/文艺,女,160-170,40-50,天秤
44,鲁迅,浙江,1900前,汉,中国,文艺/其它,男,未知,未知,天秤
45,陈乔恩,台湾,1970-1979,汉,中国,娱乐,女,160-170,40-50,白羊
46,郭晶晶,河北,1980-1989,汉,中国,体育,女,160-170,40-50,天秤
47,李小璐,安徽/北京,1980-1989,汉,中国,娱乐,女,160-170,40-50,天秤
48,李连杰,北京,1960-1969,汉,新马,娱乐/商业/文艺/体育/其它,男,160-170,未知,金牛
49,赵本山,辽宁,1900-1959,汉,未知,娱乐/文艺,男,170-180,60-70,天秤
50,王力宏,台湾/美国,1970-1979,汉,美加,娱乐/文艺,男,170-180,60-70,金牛
51,古天乐,香港,1970-1979,汉,中国,娱乐/文艺,男,170-180,60-70,天秤
52,曾轶可,湖南,1990至今,汉,中国,娱乐/文艺,女,160-170,40-50,摩羯
53,金贤重,韩国,1980-1989,朝鲜,韩国,娱乐/文艺,男,180-190,60-70,双子
54,刘诗诗,北京,1980-1989,回,中国,娱乐,女,160-170,40-50,双鱼
55,蓝燕,上海,未知,汉,中国,未知,女,160-170,40-50,双鱼
56,朴妮唛,韩国,1990至今,朝鲜,韩国,娱乐,女,未知,未知,射手
57,干露露,河南,1980-1989,汉,中国,娱乐,女,160-170,60-70,天蝎
58,张学友,香港,1960-1969,汉,中国,娱乐,男,170-180,60-70,巨蟹
59,萧亚轩,台湾,1970-1979,汉,中国,娱乐,女,160-170,40-50,处女
60,高圆圆,北京,1970-1979,汉,中国,娱乐,女,160-170,40-50,天秤
61,伊能静,台湾,1960-1969,汉,中国,娱乐/文艺,女,160-170,50-60,双鱼
62,宋茜,山东,1980-1989,汉,中国,娱乐,女,160-170,未知,水瓶
63,玄彬,韩国,1980-1989,未知,韩国,娱乐,男,180-190,70-80,天秤
64,吉克隽逸,四川,1980-1989,彝,中国,娱乐,女,160-170,40-50,金牛
65,撒贝宁,广东,1970-1979,回,中国,娱乐/其它,男,170-180,未知,白羊
66,韩庚,黑龙江,1980-1989,赫哲,中国,娱乐/文艺,男,180-190,50-60,水瓶
67,张卫健,香港,1960-1969,汉,中国,娱乐/文艺,男,160-170,未知,水瓶
68,梁朝伟,香港,1960-1969,未知,中国,娱乐,男,170-180,未知,巨蟹
69,蔡少芬,香港,1970-1979,汉,中国/香港,娱乐,女,170-180,50-60,处女
70,柴静,山西,1970-1979,汉,中国,娱乐/其它,女,160-170,50-60,摩羯
71,李冰冰,黑龙江,1970-1979,汉,中国,娱乐/文艺,女,160-170,50-60,双鱼
72,小泽玛利亚,日本,1980-1989,其它,日本,娱乐/文艺,女,160-170,未知,摩羯
73,李宗瑞,台湾,1980-1989,未知,中国,其它,男,170-180,70-80,未知
74,魏如萱,台湾,1980-1989,未知,中国/台湾,娱乐,女,160-170,未知,天秤
75,王李丹妮,河南,1980-1989,蒙古,未知,娱乐,女,170-180,50-60,狮子
76,周笔畅,湖南,1980-1989,汉,中国,娱乐/商业/文艺,女,160-170,未知,狮子
77,泷泽萝拉,日本,1990至今,其它,日本,娱乐,女,170-180,未知,双子
78,苏有朋,台湾,1970-1979,汉,中国,娱乐,男,170-180,60-70,处女
79,冯小刚,北京,1900-1959,汉,中国,娱乐/文艺,男,170-180,未知,双鱼
80,章泽天,江苏,1990至今,汉,中国,娱乐/其它,女,未知,未知,天蝎
81,李娜,湖北,1980-1989,汉,中国,娱乐/体育,女,160-170,60-70,双鱼
82,王健林,四川,1900-1959,汉,中国,商业/其它,男,未知,未知,未知
83,刘烨,吉林,1970-1979,汉,中国,娱乐,男,180-190,70-80,白羊
84,毛泽东,湖南,1900前,汉,中国,文艺/政治/其它,男,180-190,未知,未知
85,戚薇,四川,1980-1989,汉,中国,娱乐,女,160-170,40-50,天蝎
86,张国荣,香港,1900-1959,汉,中国,娱乐/文艺,男,170-180,60-70,处女
87,吴彦祖,香港/美国,1970-1979,未知,中国,娱乐/商业/文艺,男,180-190,70-80,天秤
88,林峰,福建/香港,1970-1979,汉,中国,娱乐,男,170-180,未知,射手
89,艾薇儿,其它,1980-1989,未知,美加,娱乐,女,s160,未知,天秤
90,贾乃亮,黑龙江,1980-1989,汉,中国,娱乐,男,180-190,60-70,白羊
91,舒淇,香港/台湾,1970-1979,汉,中国,娱乐/文艺,女,160-170,40-50,白羊
92,张杰,四川,1980-1989,汉,中国,娱乐,男,170-180,60-70,射手
93,孙杨,浙江,1990至今,汉,中国,体育,男,geq190,geq90,射手
94,柯震东,台湾,1990至今,汉,中国/台湾,娱乐,男,180-190,70-80,双子
95,徐濠萦,香港,1970-1979,未知,中国/香港,娱乐,女,160-170,40-50,双鱼
96,庾澄庆,台湾,1960-1969,汉,中国,娱乐/文艺,男,170-180,60-70,狮子
97,罗玉凤,重庆,1980-1989,汉,中国,其它,女,s160,s40,天秤
98,周迅,浙江,1970-1979,汉,中国,娱乐,女,160-170,40-50,天秤
99,范文芳,其它,1970-1979,汉,新马,娱乐,女,170-180,40-50,水瓶
100,尚雯婕,上海/江苏,1980-1989,汉,中国,娱乐,女,160-170,未知,摩羯
101,刘晓庆,重庆,1900-1959,汉,中国,娱乐,女,s160,未知,天蝎
102,谭维维,四川,1980-1989,汉,中国,娱乐,女,160-170,50-60,天秤
103,赵奕欢,吉林,1980-1989,满,中国,娱乐,女,160-170,40-50,天蝎
104,李易峰,四川,1980-1989,汉,中国,娱乐,男,180-190,50-60,金牛
105,吴莫愁,黑龙江,1990至今,汉,中国,娱乐,女,未知,未知,白羊
106,张继科,其它,未知,汉,未知,未知,男,170-180,70-80,未知
107,文浩,湖北,1990至今,汉,中国,文艺,男,170-180,50-60,双子
108,冲田杏梨,日本,1980-1989,其它,日本,娱乐/商业,女,160-170,40-50,天蝎
109,吉泽明步,日本,1980-1989,未知,日本,娱乐,女,160-170,未知,双鱼
110,任志强,北京,1900-1959,汉,中国,未知,男,未知,未知,未知
111,李彦宏,山西,未知,汉,中国,未知,男,未知,未知,未知
112,王宝强,河北,1980-1989,汉,中国,娱乐,男,160-170,50-60,双子
113,宫崎骏,日本,1900-1959,其它,日本,娱乐/文艺,男,未知,未知,摩羯
114,黄宗泽,香港,1980-1989,汉,中国/香港,娱乐/文艺,男,170-180,60-70,射手
115,鹿晗,北京/韩国,1990至今,汉,中国,娱乐,男,170-180,50-60,金牛
116,林俊杰,其它,1980-1989,汉,新马,娱乐/商业/文艺,男,170-180,60-70,白羊
117,林宥嘉,台湾,1980-1989,汉,中国,娱乐,男,170-180,60-70,巨蟹
118,林更新,辽宁,1980-1989,汉,中国,娱乐,男,180-190,未知,水瓶
119,汤唯,浙江,1970-1979,汉,中国,娱乐,女,170-180,未知,天秤
120,宋慧乔,韩国,1980-1989,朝鲜,韩国,娱乐,女,160-170,40-50,天蝎
121,李若彤,香港,1970-1979,未知,中国,娱乐,女,160-170,40-50,狮子
122,吴昕,辽宁,1980-1989,汉,未知,娱乐,女,160-170,40-50,水瓶
123,李嘉诚,广东,1900-1959,汉,中国,商业/其它,男,未知,未知,未知
124,姚晨,福建,1970-1979,汉,中国,娱乐,女,160-170,40-50,天秤
125,霍思燕,北京,1980-1989,汉,中国,娱乐,女,160-170,40-50,天秤
126,罗志祥,台湾,1970-1979,其它,中国,娱乐,男,170-180,60-70,狮子
127,李安,台湾,1900-1959,汉,中国,娱乐/文艺,男,170-180,60-70,天蝎
128,张爱玲,上海,1900-1959,汉,中国,文艺,女,未知,未知,天秤
129,刘若英,台湾,1970-1979,汉,中国,娱乐/文艺,女,s160,40-50,双子
130,希特勒,其它,1900前,其它,欧洲,政治,男,未知,未知,金牛
131,伊一,湖南,1980-1989,汉,中国,娱乐,女,160-170,40-50,狮子
132,文根英,韩国,1980-1989,未知,韩国,娱乐,女,160-170,40-50,金牛
133,徐熙媛,台湾,1970-1979,汉,中国,娱乐/文艺,女,160-170,40-50,天秤
134,古巨基,香港,1970-1979,未知,中国/香港,娱乐,男,170-180,60-70,狮子
135,李春波,其它,未知,汉,中国,娱乐/文艺,男,170-180,未知,天蝎
136,刘翔,上海,1980-1989,汉,中国,体育,男,180-190,geq90,巨蟹
137,苍井优,日本,1980-1989,未知,日本,娱乐,女,s160,未知,狮子
138,麻生希,日本,1980-1989,其它,日本,娱乐,女,160-170,未知,射手
139,甄子丹,广东/香港,1960-1969,未知,未知,娱乐/文艺,男,170-180,未知,狮子
140,蔡康永,台湾,1960-1969,汉,中国,娱乐/文艺,男,160-170,未知,双鱼
141,白岩松,内蒙古,1960-1969,蒙古,中国,娱乐/其它,男,170-180,60-70,处女
142,马天宇,山东,1980-1989,回,中国,娱乐/文艺,男,170-180,60-70,巨蟹
143,刘诗雯,辽宁,1990至今,汉,中国,体育,女,s160,40-50,未知
144,徐峥,上海,1970-1979,汉,中国,娱乐/文艺,男,170-180,70-80,白羊
145,郭富城,香港,1960-1969,汉,中国,娱乐/文艺,男,170-180,60-70,天蝎
146,何炅,湖南,1970-1979,汉,中国,娱乐/文艺/其它,男,170-180,40-50,金牛
147,郭德纲,天津,1970-1979,汉,中国,娱乐/文艺,男,160-170,未知,摩羯
148,徐悲鸿,江苏,未知,汉,中国,未知,男,未知,未知,巨蟹
149,马化腾,广东,1970-1979,汉,中国,商业,男,未知,未知,天蝎
150,马伊琍,上海,1970-1979,汉,中国,娱乐,女,160-170,未知,巨蟹
151,赵丽颖,河北,1980-1989,汉,中国,娱乐,女,160-170,40-50,天秤
152,容祖儿,香港,1980-1989,汉,中国,娱乐,女,160-170,未知,双子
153,全智贤,韩国,1980-1989,朝鲜,韩国,娱乐,女,170-180,50-60,天蝎
154,李代沫,黑龙江,1980-1989,未知,中国,娱乐,男,180-190,未知,金牛
155,菲尔普斯,美国,1980-1989,未知,未知,体育,男,geq190,70-80,未知
156,张雨绮,山东,1980-1989,汉,中国,娱乐,女,160-170,40-50,狮子
157,郑多燕,韩国,1960-1969,未知,韩国,娱乐,女,160-170,40-50,射手
158,张惠妹,台湾,1970-1979,其它,中国,娱乐,女,s160,未知,狮子
159,贾静雯,台湾,1970-1979,汉,中国,娱乐,女,s160,40-50,天秤
160,宋祖英,湖南,1960-1969,苗,中国,娱乐/文艺,女,160-170,未知,狮子
161,杨丞琳,台湾,1980-1989,汉,中国,娱乐,女,160-170,40-50,双子
162,汪东城,台湾,1980-1989,汉,中国,娱乐,男,170-180,60-70,处女
163,杨钰莹,江西,1970-1979,汉,中国,娱乐/文艺,女,s160,40-50,金牛
164,易建联,广东,1980-1989,汉,中国,娱乐,男,geq190,未知,天蝎
165,邓紫棋,上海/香港,1990至今,汉,中国/香港,娱乐,女,s160,40-50,狮子
166,林妙可,北京,1990至今,汉,中国,娱乐,女,s160,s40,巨蟹
167,张檬,河南,1980-1989,汉,中国,娱乐,女,160-170,40-50,摩羯
168,范玮琪,美国,1970-1979,汉,中国,娱乐,女,170-180,50-60,双鱼
169,陆毅,上海,1970-1979,汉,中国,娱乐,男,180-190,60-70,摩羯
170,金志文,吉林,1980-1989,朝鲜,中国,娱乐/文艺,男,160-170,50-60,巨蟹
171,郑秀妍,韩国/美国,1980-1989,朝鲜,韩国/美加,娱乐,女,160-170,40-50,白羊
172,李云迪,重庆,1980-1989,汉,中国,娱乐/文艺,男,未知,未知,天秤
173,马云,浙江,1960-1969,汉,中国,未知,男,160-170,未知,天秤
174,何洁,其它,1980-1989,彝,中国,娱乐,女,s160,未知,白羊
175,朴信惠,韩国,1990至今,未知,未知,娱乐,女,160-170,40-50,水瓶
176,王石,广西,1900-1959,汉,中国,商业,男,170-180,未知,水瓶
177,吴亦凡,广东,1990至今,汉,中国/美加,娱乐,男,180-190,70-80,天蝎
178,周冬雨,河北,1990至今,汉,中国,娱乐/其它,女,160-170,40-50,水瓶
179,林依晨,台湾,1980-1989,汉,中国,娱乐,女,160-170,未知,天蝎
180,孙燕姿,其它,1970-1979,汉,新马,娱乐,女,160-170,40-50,狮子
181,高晓松,北京,1960-1969,汉,中国,娱乐/文艺,男,170-180,geq90,天蝎
182,余少群,其它,1980-1989,汉,中国,娱乐,男,170-180,60-70,天秤
183,关喆,吉林,1980-1989,满,中国,娱乐/文艺,男,180-190,70-80,金牛
184,张艺谋,陕西,1900-1959,未知,中国,娱乐/文艺,男,160-170,未知,天蝎
185,朱茵,香港,1970-1979,汉,中国,娱乐,女,s160,40-50,天蝎
186,蔡卓妍,香港,1980-1989,汉,未知,娱乐,女,160-170,40-50,天蝎
187,徐静蕾,北京,1970-1979,汉,中国,娱乐/文艺/其它,女,160-170,40-50,白羊
188,徐鹤宁,吉林,1970-1979,汉,中国,未知,女,未知,未知,未知
189,姚贝娜,其它,1980-1989,汉,中国,娱乐,女,160-170,未知,天秤
190,梁博,吉林,1990至今,汉,中国,娱乐/文艺,男,170-180,未知,白羊
191,黄圣依,上海,1980-1989,汉,中国,娱乐/商业,女,160-170,40-50,水瓶
192,徐熙娣,台湾,1970-1979,汉,中国,娱乐,女,s160,40-50,双子
193,朱元璋,安徽,1900前,汉,中国,政治/其它,男,未知,未知,天蝎
194,胡杏儿,香港,1970-1979,汉,中国,娱乐,女,170-180,40-50,天蝎
195,海清,江苏,1970-1979,汉,中国,娱乐,女,160-170,40-50,摩羯
196,金泫雅,韩国,1990至今,朝鲜,未知,娱乐/文艺,女,160-170,40-50,双子
197,莫文蔚,香港,1970-1979,未知,中国,娱乐/文艺,女,160-170,未知,双子
198,蒋介石,浙江,1900前,汉,中国,未知,男,未知,未知,未知
199,波多野结衣,日本,1980-1989,其它,日本,娱乐,女,160-170,未知,双子
200,彭丽媛,山东,1960-1969,汉,中国,娱乐/文艺,女,160-170,未知,天蝎
201,张威,北京,1980-1989,汉,中国,商业/文艺,男,180-190,geq90,未知
202,孔令辉,黑龙江,未知,汉,中国,体育,男,170-180,未知,未知
203,孙楠,辽宁,1960-1969,汉,中国,娱乐,男,170-180,60-70,水瓶
204,郝蕾,吉林,1970-1979,汉,中国,娱乐/文艺,女,160-170,50-60,天蝎
205,叶诗文,浙江,1990至今,汉,中国,未知,女,170-180,60-70,未知
206,丁俊晖,江苏,1980-1989,汉,中国,体育,男,170-180,50-60,白羊
207,崔永元,天津,1960-1969,汉,中国,娱乐/文艺,男,170-180,未知,双鱼
208,周润发,香港,1900-1959,汉,中国/香港,娱乐,男,180-190,未知,金牛
209,王哲林,福建,1990至今,汉,中国,未知,男,geq190,未知,未知
210,王思聪,辽宁,1980-1989,汉,中国,商业,男,未知,未知,摩羯
211,袁腾飞,北京,1970-1979,汉,中国,文艺/其它,男,180-190,未知,水瓶
212,马英九,未知,1900-1959,汉,中国/台湾,政治,男,170-180,未知,巨蟹
213,曹格,其它,1970-1979,未知,新马,娱乐/文艺,男,170-180,50-60,巨蟹
214,袁立,浙江,1970-1979,汉,中国,娱乐,女,s160,40-50,巨蟹
215,李晨,北京,1970-1979,汉,中国,娱乐/文艺,男,170-180,60-70,射手
216,景甜,陕西,1980-1989,汉,中国,娱乐,女,160-170,40-50,巨蟹
217,梅艳芳,香港,1960-1969,汉,中国,娱乐/其它,女,160-170,未知,天秤
218,黄磊,江西,1970-1979,汉,中国,娱乐/文艺/其它,男,170-180,未知,射手
219,董卿,上海,1970-1979,汉,未知,娱乐,女,160-170,40-50,天蝎
220,陈妍希,台湾,1980-1989,汉,中国/台湾,娱乐,女,s160,未知,双子
221,赵雅芝,香港,1900-1959,汉,中国,娱乐,女,160-170,未知,天蝎
222,谭咏麟,香港,1900-1959,汉,中国,娱乐,男,170-180,50-60,处女
223,佟丽娅,新疆,1980-1989,锡伯,中国,娱乐,女,160-170,40-50,狮子
224,王俊凯,重庆,1990至今,汉,中国,娱乐/其它,男,170-180,50-60,处女
225,多亮,新疆,1980-1989,回,中国,娱乐,男,180-190,70-80,狮子
226,孙红雷,黑龙江,1970-1979,汉,中国,娱乐,男,170-180,未知,狮子
227,陈慧琳,香港,1970-1979,未知,中国,娱乐,女,170-180,50-60,天秤
228,陈伟霆,香港,1980-1989,未知,中国,娱乐,男,180-190,60-70,天蝎
229,刘震云,河南,1900-1959,汉,中国,娱乐/文艺,男,未知,未知,金牛
230,安以轩,台湾,1980-1989,汉,中国,娱乐,女,160-170,40-50,天秤
231,刘嘉玲,江苏/香港,1960-1969,汉,中国,娱乐/文艺,女,160-170,40-50,射手
232,常石磊,广东,1980-1989,蒙古,中国,娱乐/文艺,男,160-170,60-70,巨蟹
233,刘雨欣,湖南,1980-1989,汉,中国,娱乐,女,160-170,40-50,双鱼
234,陈光标,江苏,1960-1969,汉,中国,商业,男,未知,未知,未知
235,陈紫函,重庆,1970-1979,汉,中国,娱乐,女,160-170,40-50,白羊
236,李钟硕,韩国,1980-1989,未知,韩国,娱乐,男,180-190,50-60,处女
237,黎姿,香港,1970-1979,汉,中国,娱乐,女,160-170,40-50,天秤
238,汪涵,江苏,1970-1979,汉,中国,娱乐,男,170-180,60-70,白羊
239,扎克伯格,美国,1980-1989,其它,美加,娱乐/商业,男,未知,未知,金牛
240,张一一,湖南,1980-1989,未知,中国,文艺,男,未知,未知,未知
241,林青霞,台湾,1900-1959,汉,中国,娱乐/文艺,女,160-170,40-50,天蝎
242,胡锦涛,江苏,1900-1959,汉,中国,未知,男,未知,未知,未知
243,齐秦,台湾,1960-1969,满,中国,娱乐,男,170-180,60-70,摩羯
244,李湘,湖南,1970-1979,汉,中国,娱乐,女,160-170,50-60,水瓶
245,俞灏明,广东,1980-1989,汉,中国,娱乐,男,170-180,60-70,天蝎
246,钟丽缇,其它,1970-1979,其它,香港/美加,娱乐/文艺,女,160-170,40-50,处女
247,熊黛林,江苏,1980-1989,汉,中国,娱乐,女,170-180,未知,天秤
248,林夕,香港,1960-1969,汉,中国,娱乐/文艺/其它,男,未知,未知,射手
249,王珞丹,内蒙古,1980-1989,汉,中国,娱乐,女,160-170,40-50,水瓶
250,陈好,山东,1970-1979,汉,中国,娱乐,女,160-170,未知,射手
251,张歆艺,四川,1980-1989,汉,未知,娱乐,女,170-180,未知,双子
252,郎朗,其它,1980-1989,满,中国,娱乐/文艺,男,170-180,70-80,双子
253,巩俐,辽宁,1960-1969,汉,新马,娱乐,女,160-170,50-60,摩羯
254,井柏然,辽宁,1980-1989,汉,中国,娱乐,男,180-190,60-70,白羊
255,梁静茹,其它,1970-1979,未知,新马,娱乐,女,s160,40-50,双子
256,金池,福建,1970-1979,汉,中国,娱乐,女,160-170,未知,水瓶
257,关悦,吉林,1970-1979,满,中国,娱乐/其它,女,160-170,40-50,双鱼
258,吴尊,其它,1970-1979,汉,其它,娱乐/商业,男,180-190,70-80,天秤
259,吴秀波,北京,1960-1969,汉,中国,娱乐/商业/文艺/其它,男,170-180,60-70,处女
260,陈楚生,海南,1980-1989,汉,中国,娱乐/文艺,男,170-180,50-60,狮子
261,刘涛,其它,1970-1979,汉,中国,娱乐,女,160-170,40-50,巨蟹
262,周韦彤,贵州,1980-1989,水,中国,娱乐,女,170-180,50-60,处女
263,周子琰,河北,1990至今,汉,中国,娱乐/其它,女,160-170,40-50,巨蟹
264,李亚鹏,新疆,1970-1979,汉,中国,娱乐,男,180-190,70-80,天秤
265,关之琳,香港,1960-1969,满,中国/香港,娱乐,女,160-170,50-60,天秤
266,李开复,台湾,1960-1969,汉,中国,商业,男,160-170,未知,射手
267,郭采洁,台湾,1980-1989,汉,中国,娱乐,女,s160,40-50,双鱼
268,王婧,未知,未知,未知,中国,娱乐,女,s160,40-50,狮子
269,张梓琳,山东/河北,1980-1989,汉,中国,娱乐,女,180-190,50-60,白羊
270,李小冉,北京,1970-1979,汉,中国,娱乐,女,160-170,40-50,金牛
271,李多海,韩国,1980-1989,朝鲜,韩国,娱乐,女,160-170,40-50,白羊
272,刘璇,湖南,1970-1979,汉,中国,娱乐/体育,女,s160,40-50,双鱼
273,胡彦斌,上海,1980-1989,汉,中国,娱乐/文艺,男,170-180,未知,巨蟹
274,郑中基,香港/台湾,1970-1979,汉,中国/台湾,娱乐/文艺,男,170-180,60-70,双鱼
275,佟大为,辽宁,1970-1979,汉/满,中国,娱乐,男,170-180,60-70,水瓶
276,邹市明,贵州,1980-1989,汉,中国,娱乐/体育,男,160-170,40-50,金牛
277,俞承豪,韩国,1990至今,朝鲜,韩国,娱乐,男,170-180,50-60,狮子
278,闫妮,陕西,1970-1979,汉,中国,娱乐,女,160-170,未知,双鱼
279,潘金莲,河北,1900前,汉,中国,其它,女,未知,未知,未知
280,欧弟,台湾,1970-1979,汉,中国,娱乐,男,170-180,70-80,巨蟹
281,孟庭苇,台湾,1960-1969,汉,中国,娱乐,女,s160,40-50,摩羯
282,黄渤,山东/甘肃,1970-1979,汉,中国,娱乐/文艺,男,170-180,未知,处女
283,黄贯中,香港,1960-1969,汉,中国,娱乐/文艺,男,170-180,60-70,白羊
284,张信哲,台湾,1960-1969,汉,中国,娱乐,男,170-180,50-60,白羊
285,周华健,香港/台湾,1960-1969,汉,未知,娱乐,男,170-180,70-80,摩羯
286,沈梦辰,湖南,1980-1989,土家,中国,娱乐,女,未知,未知,双子
287,官恩娜,香港,1970-1979,未知,中国,娱乐,女,160-170,40-50,巨蟹
288,李毅,安徽,1970-1979,汉,中国,未知,男,180-190,70-80,未知
289,梁洛施,澳门/香港,1980-1989,汉,中国/澳门,娱乐,女,170-180,未知,巨蟹
290,董璇,黑龙江,1980-1989,汉,未知,娱乐,女,160-170,40-50,天蝎
291,丘吉尔,其它,1900前,其它,欧洲,未知,男,未知,未知,未知
292,郎咸平,台湾,1900-1959,汉,中国,科学/其它,男,未知,未知,双子
293,许晴,北京,1960-1969,土家,中国,娱乐,女,160-170,40-50,水瓶
294,王祖贤,香港/台湾,1960-1969,汉,中国,娱乐,女,170-180,50-60,水瓶
295,郑秀晶,韩国/美国,1990至今,朝鲜,韩国/美加,娱乐,女,160-170,40-50,天蝎
296,邓小平,四川,1900-1959,汉,中国,政治,男,未知,未知,未知
297,刘国梁,河南,1970-1979,汉,中国,体育,男,160-170,50-60,未知
298,福原爱,日本,1980-1989,未知,日本,未知,女,s160,40-50,天蝎
299,那英,辽宁,1960-1969,满,中国,娱乐,女,160-170,40-50,射手
300,叶一茜,福建,1980-1989,汉,中国,娱乐,女,160-170,40-50,处女
301,孙中山,广东,1900前,汉,中国,政治,男,未知,未知,天蝎
302,顾漫,江苏,1980-1989,汉,中国,文艺,女,未知,未知,未知
303,秦海璐,辽宁,1970-1979,汉,中国,娱乐/文艺,女,160-170,40-50,狮子
304,张智霖,香港,1970-1979,汉,中国,娱乐,男,170-180,60-70,处女
305,黄子韬,山东,1990至今,汉,中国,娱乐,男,180-190,未知,金牛
306,郭碧婷,台湾,1980-1989,汉,中国,娱乐,女,160-170,40-50,摩羯
307,王学兵,新疆,1970-1979,汉,中国,娱乐,男,170-180,60-70,处女
308,郑伊健,香港,1960-1969,汉,中国,娱乐,男,170-180,60-70,天秤
309,佘诗曼,香港,1970-1979,汉,中国,娱乐,女,160-170,未知,双子
310,张赫宣,辽宁,1980-1989,汉,中国,娱乐,男,未知,未知,天秤
311,朱咪咪,香港,1900-1959,未知,新马,娱乐/文艺,女,s160,未知,摩羯
312,霍金,其它,1900-1959,未知,欧洲,科学,男,未知,未知,未知
313,本兮,新疆,1990至今,回,中国,娱乐/文艺,女,160-170,未知,巨蟹
314,邓亚萍,河南,1970-1979,汉,中国,体育,女,s160,未知,未知
315,张含韵,四川,1980-1989,汉,中国,娱乐,女,160-170,40-50,白羊
316,潘玮柏,美国,1980-1989,汉,美加,娱乐/商业,男,170-180,60-70,狮子
317,李嘉欣,澳门/香港,1970-1979,其它,欧洲,娱乐,女,170-180,未知,双子
318,李敖,黑龙江,1900-1959,汉,中国,文艺/其它,男,170-180,未知,金牛
319,潘晓婷,山东,1980-1989,汉,中国,娱乐/体育,女,s160,50-60,双鱼
320,任贤齐,台湾,1960-1969,汉,中国,娱乐/文艺,男,170-180,未知,巨蟹
321,王小丫,四川,1960-1969,汉,中国,娱乐,女,160-170,未知,水瓶
322,彭帅,湖南,未知,汉,中国,其它,女,未知,60-70,未知
323,汤灿,湖北,1970-1979,汉,中国,娱乐/文艺,女,160-170,50-60,双子
324,李玟,香港/美国,1970-1979,汉,美加,娱乐,女,160-170,40-50,摩羯
325,阿桑,台湾,1970-1979,汉,中国/台湾,娱乐,女,s160,40-50,双鱼
326,夏达,湖南,1980-1989,未知,中国,文艺,女,s160,未知,白羊
327,张怡宁,北京,1980-1989,未知,中国,未知,女,170-180,50-60,未知
328,柳传志,江苏,1900-1959,汉,中国,商业/政治,男,未知,未知,金牛
329,昆凌,台湾,1990至今,未知,中国,娱乐,女,160-170,40-50,狮子
330,陈水扁,台湾,1900-1959,汉,未知,未知,男,未知,未知,未知
331,谷开来,未知,1900-1959,汉,中国,其它,女,未知,未知,天蝎
332,张艺兴,湖南,1990至今,汉,中国,娱乐,男,170-180,50-60,天秤
333,许艺娜,辽宁,1980-1989,朝鲜,中国,娱乐,女,s160,40-50,白羊
334,卡扎菲,其它,1900-1959,未知,其它,文艺/政治,男,未知,未知,双子
335,李克勤,香港,1960-1969,汉,中国,娱乐,男,170-180,未知,射手
336,张国立,天津,1900-1959,汉,中国,娱乐,男,170-180,70-80,摩羯
337,张敬轩,广东/香港,1980-1989,未知,中国,娱乐/文艺,男,170-180,50-60,水瓶
338,牛顿,其它,1900前,未知,欧洲,科学/其它,男,未知,未知,未知
339,陈浩民,香港,1960-1969,汉,中国,娱乐,男,170-180,60-70,天秤
340,郑爽,辽宁,1990至今,汉,中国,娱乐,女,160-170,40-50,狮子
341,何润东,台湾/美国,1970-1979,汉,美加,娱乐,男,180-190,60-70,处女
342,言承旭,台湾,1970-1979,汉,中国,娱乐,男,170-180,70-80,摩羯
343,崔始源,韩国,1980-1989,未知,韩国,娱乐,男,180-190,50-60,白羊
344,邓丽欣,香港,1980-1989,汉,中国,娱乐,女,160-170,40-50,天秤
345,张子萱,北京,1980-1989,汉,中国,娱乐,女,170-180,40-50,水瓶
346,叶璇,浙江/香港,1980-1989,汉,中国,娱乐/文艺,女,160-170,40-50,水瓶
347,安倍晋三,日本,1900-1959,其它,日本,商业/政治,男,170-180,未知,未知
348,斯诺登,美国,1980-1989,未知,美加,政治,男,未知,未知,未知
349,吴镇宇,香港,1960-1969,未知,中国/香港,娱乐/文艺,男,170-180,70-80,射手
350,杨紫,北京,1990至今,汉,中国,娱乐/其它,女,160-170,未知,天蝎
351,江泽民,未知,1900-1959,汉,中国,未知,男,未知,未知,未知
352,葛优,北京,1900-1959,汉,中国,娱乐,男,170-180,未知,白羊
353,朱珠,北京,1980-1989,汉,中国,娱乐,女,160-170,40-50,巨蟹
354,华晨宇,湖北,1990至今,汉,中国,娱乐,男,170-180,未知,水瓶
355,孟茜,山东,未知,汉,中国,娱乐,女,160-170,50-60,处女
356,李孝利,韩国,1970-1979,朝鲜,韩国,娱乐/文艺,女,160-170,未知,金牛
357,郑秀文,香港,1970-1979,汉,中国,娱乐,女,160-170,40-50,狮子
358,翟凌,山东,1980-1989,汉,中国,娱乐,女,170-180,40-50,狮子
359,冯巩,天津,1900-1959,汉,未知,娱乐/文艺,男,180-190,未知,射手
360,倪妮,江苏,1980-1989,汉,中国,娱乐,女,160-170,未知,狮子
361,张雨生,台湾,1960-1969,汉,中国,娱乐/文艺,男,160-170,50-60,双子
362,方大同,香港/美国,1980-1989,汉,美加,娱乐/文艺,男,170-180,50-60,巨蟹
363,吴佩慈,台湾,1970-1979,汉,中国,娱乐/文艺,女,160-170,40-50,天秤
364,李敏镐,韩国,1980-1989,未知,韩国,娱乐,男,180-190,60-70,巨蟹
365,陈意涵,台湾,1980-1989,汉,中国,娱乐,女,160-170,40-50,天蝎
366,陈百强,香港,1900-1959,汉,中国/香港,娱乐/文艺,男,170-180,未知,处女
367,马艳丽,河南,1970-1979,汉,中国,娱乐/商业,女,170-180,60-70,射手
368,潘粤明,北京,1970-1979,汉,中国,娱乐,男,170-180,60-70,金牛
369,林允儿,韩国,1990至今,朝鲜,韩国,娱乐,女,160-170,40-50,双子
370,蒋欣,新疆,1980-1989,回,中国,娱乐,女,160-170,50-60,金牛
371,释小龙,河南,1980-1989,汉,中国,娱乐/体育,男,170-180,60-70,摩羯
372,陈数,湖北,1970-1979,汉,中国,娱乐/文艺/政治,女,160-170,40-50,双鱼
373,翁美玲,香港,1900-1959,汉,未知,娱乐,女,s160,40-50,金牛
374,张一山,北京,1990至今,汉,中国,娱乐/其它,男,170-180,50-60,金牛
375,薛凯琪,香港,1980-1989,汉,中国,娱乐,女,160-170,40-50,狮子
376,张娜拉,韩国,1980-1989,未知,韩国,娱乐,女,160-170,40-50,双鱼
377,毛阿敏,上海,1960-1969,汉,中国,娱乐/文艺,女,160-170,50-60,双鱼
378,邓超,江西,1970-1979,汉,中国,娱乐,男,170-180,60-70,水瓶
379,瞿颖,湖南,1970-1979,汉,中国,娱乐,女,170-180,50-60,巨蟹
380,巩新亮,甘肃,1980-1989,汉,中国,娱乐,女,160-170,40-50,白羊
381,宗庆后,浙江,1900-1959,汉,中国,其它,男,未知,未知,未知
382,昂山素季,其它,1900-1959,未知,其它,政治,女,未知,未知,未知
383,周海媚,香港,1960-1969,满,中国,娱乐/文艺,女,160-170,50-60,射手
384,麦当娜,美国,1900-1959,其它,美加,娱乐/商业/文艺,女,160-170,50-60,狮子
385,王丽坤,内蒙古,1980-1989,满,未知,娱乐,女,160-170,40-50,白羊
386,冯绍峰,上海,1970-1979,汉,中国,娱乐,男,170-180,未知,天秤
387,乐嘉,上海,1970-1979,汉,中国,娱乐/文艺/其它,男,未知,未知,金牛
388,金希澈,韩国,1980-1989,朝鲜,韩国,娱乐/文艺,男,170-180,未知,巨蟹
389,金秀贤,韩国,1980-1989,未知,韩国,娱乐,男,170-180,60-70,水瓶
390,邵逸夫,浙江/上海,1900-1959,汉,中国,娱乐/商业/其它,男,未知,未知,天蝎
391,窦唯,北京,1960-1969,汉,中国,娱乐/文艺,男,170-180,未知,天秤
392,裴秀智,韩国,1990至今,朝鲜,韩国,娱乐,女,160-170,40-50,天秤
393,傅颖,其它,1980-1989,汉,中国,娱乐,女,160-170,未知,天秤
394,陈露,未知,未知,汉,中国,娱乐,女,170-180,未知,双子
395,汪小菲,其它,1980-1989,满,中国,商业,男,未知,未知,巨蟹
396,乔振宇,广西,1970-1979,汉,未知,娱乐/文艺,男,180-190,60-70,天蝎
397,郑洁,未知,1980-1989,未知,中国,体育,女,160-170,未知,双子
398,张曼玉,香港,1960-1969,汉,中国,娱乐/文艺,女,160-170,未知,处女
399,南怀瑾,浙江,1900-1959,汉,中国,其它,男,未知,未知,未知
400,郑嘉颖,香港/美国,1970-1979,未知,美加,娱乐,男,170-180,60-70,狮子
401,韩佳人,韩国,1980-1989,朝鲜,未知,娱乐,女,160-170,40-50,双鱼
402,杜淳,河北,1980-1989,回,中国,娱乐,男,170-180,60-70,双子
403,金喜善,韩国,1970-1979,朝鲜,韩国,娱乐,女,160-170,未知,双子
404,姜文,河北,1960-1969,汉,中国,娱乐/文艺,男,180-190,geq90,摩羯
405,茅威涛,浙江,1960-1969,汉,中国,娱乐,女,未知,未知,狮子
406,方静,北京,1970-1979,汉,中国,娱乐,女,160-170,未知,双子
407,彭于晏,台湾,1980-1989,汉,美加,娱乐,男,180-190,60-70,白羊
408,季羡林,山东,1900-1959,汉,中国,文艺/其它,男,未知,未知,未知
409,邱胜翊,台湾,1980-1989,汉,中国,娱乐,男,170-180,50-60,白羊
410,蔡琳,韩国,1970-1979,朝鲜,未知,娱乐,女,160-170,40-50,白羊
411,秋瓷炫,韩国,1970-1979,朝鲜,韩国,娱乐,女,160-170,40-50,水瓶
412,陈一冰,天津,未知,汉,中国,体育,男,s160,50-60,未知
413,王源,重庆,1990至今,汉,中国,娱乐/其它,男,160-170,40-50,天蝎
414,史玉柱,安徽,1960-1969,汉,中国,商业,男,未知,未知,未知
415,林志炫,台湾,1960-1969,未知,中国,娱乐/商业,男,170-180,60-70,巨蟹
416,江一燕,浙江,1980-1989,汉,中国,娱乐/文艺,女,160-170,40-50,处女
417,唐骏,江苏,1960-1969,汉,中国,商业,男,未知,未知,巨蟹
418,何韵诗,香港,1970-1979,汉,中国/香港/美加,娱乐/文艺,女,160-170,40-50,双子
419,应采儿,台湾/美国,1980-1989,汉,中国/美加,娱乐,女,160-170,40-50,双子
420,郎平,北京,1960-1969,汉,中国,体育,女,180-190,70-80,未知
421,梁家辉,香港,1900-1959,汉,中国,娱乐/文艺,男,170-180,60-70,水瓶
422,江映蓉,四川,1980-1989,汉,中国,娱乐,女,160-170,50-60,水瓶
423,洪金宝,香港,1900-1959,汉,未知,娱乐/文艺,男,170-180,geq90,摩羯
424,徐帆,湖北,1960-1969,汉,中国,娱乐,女,160-170,40-50,狮子
425,霍元甲,天津,1900前,汉,中国,体育,男,未知,未知,未知
426,邓家佳,四川,1980-1989,汉,中国,娱乐,女,160-170,40-50,金牛
427,费玉清,台湾,1900-1959,汉,中国,娱乐,男,170-180,未知,巨蟹
428,张震岳,台湾,1970-1979,其它,中国,娱乐/文艺,男,170-180,60-70,金牛
429,戴佩妮,其它,1970-1979,汉,新马,娱乐/文艺,女,s160,40-50,金牛
430,李楠,黑龙江,1970-1979,汉,中国,未知,男,geq190,未知,未知
431,蒋勤勤,重庆,1970-1979,汉,中国,娱乐,女,160-170,40-50,处女
432,李光耀,未知,1900-1959,汉,中国,未知,男,未知,未知,未知
433,杨丽萍,云南,1900-1959,白,中国,娱乐/文艺,女,160-170,40-50,天蝎
434,侯佩岑,台湾,1970-1979,汉,中国,娱乐,女,160-170,40-50,射手
435,钟嘉欣,其它,1980-1989,汉,未知,娱乐,女,170-180,50-60,白羊
436,赵忠祥,河北,1900-1959,满,中国,娱乐/文艺,男,170-180,未知,摩羯
437,耶稣,其它,1900前,其它,未知,未知,男,未知,未知,未知
438,秦岚,辽宁,未知,汉,中国,娱乐,女,160-170,40-50,巨蟹
439,汪峰,北京,1970-1979,汉,中国,娱乐/文艺,男,170-180,60-70,巨蟹
440,朱孝天,台湾,1970-1979,未知,中国,娱乐,男,170-180,70-80,摩羯
441,贝多芬,其它,1900前,未知,欧洲,文艺,男,160-170,未知,射手
442,王君安,未知,1970-1979,未知,中国,文艺,女,未知,未知,双子
443,金钟国,韩国,1970-1979,未知,韩国,娱乐,男,170-180,70-80,金牛
444,宋承宪,韩国,1970-1979,汉/朝鲜,韩国,娱乐,男,170-180,60-70,天秤
445,田馥甄,台湾,1980-1989,汉,中国,娱乐,女,s160,40-50,白羊
446,王大治,陕西,1970-1979,汉,中国,娱乐,男,170-180,未知,水瓶
447,周渝民,台湾,1980-1989,汉,中国,娱乐,男,170-180,60-70,双子
448,梅婷,江苏,1970-1979,汉,中国,娱乐,女,160-170,40-50,金牛
449,袁弘,湖北,1980-1989,汉,中国,娱乐,男,180-190,60-70,处女
450,徐怀钰,台湾,1970-1979,汉,中国,娱乐,女,s160,未知,双鱼
451,袁泉,湖北,1970-1979,汉,中国,娱乐,女,160-170,40-50,天秤
452,阮经天,台湾,1980-1989,汉,中国,娱乐,男,180-190,70-80,射手
453,杜甫,河南,1900前,汉,中国,未知,男,未知,未知,未知
454,陈凯歌,北京,1900-1959,汉,中国,娱乐/文艺,男,180-190,未知,狮子
455,吴克群,台湾,1970-1979,汉,中国,娱乐,男,170-180,60-70,天秤
456,杨紫琼,其它,1960-1969,未知,新马,娱乐,女,160-170,40-50,狮子
457,权志龙,韩国,1980-1989,朝鲜,韩国,娱乐/文艺,男,170-180,50-60,狮子
458,高田贤三,未知,1900-1959,未知,欧洲,其它,男,未知,未知,未知
459,俞敏洪,江苏,1960-1969,汉,中国,商业,男,170-180,未知,天秤
460,陈道明,天津,1900-1959,汉,中国,娱乐,男,170-180,60-70,金牛
461,袁姗姗,湖北,1980-1989,汉,中国,娱乐,女,160-170,40-50,双鱼
462,罗琦,江西,1970-1979,汉,中国,娱乐,女,未知,未知,双子
463,杨振宁,安徽/美国,1900-1959,汉,中国,科学/其它,男,未知,未知,未知
464,郑容和,韩国,1980-1989,朝鲜,韩国,娱乐/文艺,男,170-180,60-70,巨蟹
465,药家鑫,其它,1980-1989,汉,中国,其它,男,未知,未知,天蝎
466,张静初,福建,1980-1989,汉,中国,娱乐/文艺,女,160-170,40-50,水瓶
467,王林,未知,1900-1959,汉,中国,未知,男,未知,未知,未知
468,潘霜霜,浙江,1980-1989,汉,中国,娱乐,女,160-170,40-50,白羊
469,吴君如,香港,1960-1969,汉,中国/香港,娱乐,女,160-170,40-50,狮子
470,林忆莲,香港,1960-1969,汉,美加,娱乐,女,s160,40-50,金牛
471,陈若琳,其它,1990至今,汉,中国,体育,女,s160,40-50,未知
472,莫小棋,北京,1980-1989,汉,其它,娱乐,女,160-170,50-60,处女
473,范曾,其它,1900-1959,汉,中国,文艺/其它,男,170-180,未知,巨蟹
474,曾志伟,香港,1900-1959,汉,中国,娱乐,男,s160,未知,白羊
475,徐娇,浙江/台湾,1990至今,汉,中国,娱乐/其它,女,160-170,40-50,狮子
476,赫子铭,黑龙江,1980-1989,汉,中国,娱乐,男,180-190,70-80,狮子
477,李宗伟,其它,1980-1989,未知,中国,体育,男,170-180,50-60,天秤
478,张庭,台湾,1970-1979,汉,中国,娱乐,女,160-170,40-50,双子
479,刘惜君,广东,1980-1989,汉,中国,娱乐/文艺,女,160-170,未知,金牛
480,殷桃,重庆,1970-1979,汉,中国,娱乐,女,160-170,40-50,射手
481,艾尚真,重庆,1980-1989,汉,中国,娱乐,女,170-180,50-60,处女
482,成吉思汗,其它,1900前,蒙古,其它,政治/其它,男,180-190,未知,双子
483,白歆惠,台湾,1980-1989,汉,中国/台湾,娱乐,女,170-180,未知,天蝎
484,郑少秋,香港,1900-1959,汉,中国,娱乐,男,170-180,未知,双鱼
485,林徽因,浙江,1900-1959,汉,中国,文艺,女,未知,未知,双子
486,蒋雯丽,安徽,1960-1969,汉,中国,娱乐/文艺,女,160-170,50-60,双子
487,李宗盛,台湾,1900-1959,汉,中国,娱乐/文艺,男,170-180,70-80,巨蟹
488,陈建州,台湾,1970-1979,未知,中国,娱乐/商业/文艺/体育,男,180-190,geq90,金牛
489,李治廷,香港,1980-1989,未知,中国/香港,娱乐/文艺,男,170-180,未知,双鱼
490,斯大林,其它,1900前,未知,欧洲,政治/其它,男,未知,未知,射手
491,巨石强森,美国,1970-1979,未知,未知,娱乐,男,geq190,未知,未知
492,谢楠,安徽,1980-1989,汉,中国,娱乐,女,160-170,40-50,天蝎
493,余文乐,香港,1980-1989,汉,中国,娱乐,男,170-180,60-70,天蝎
494,杜汶泽,香港,1970-1979,汉,中国/香港,娱乐/文艺,男,160-170,未知,双子
495,李银河,北京,1900-1959,汉,中国,科学/其它,女,未知,未知,摩羯
496,周秀娜,广东/香港,1980-1989,汉,中国,娱乐,女,160-170,40-50,双子
497,张晋,重庆,1970-1979,汉,中国,娱乐/体育,男,170-180,60-70,金牛
498,乐基儿,澳门,1980-1989,其它,未知,娱乐,女,170-180,未知,狮子
499,赵又廷,台湾,1980-1989,汉,美加,娱乐,男,170-180,60-70,天秤
500,高行健,江西,1900-1959,未知,欧洲,文艺/其它,男,未知,未知,未知
501,骆家辉,其它,1900-1959,未知,美加,未知,男,未知,未知,未知
502,谭晶,山西,1970-1979,汉,中国,娱乐/文艺,女,160-170,50-60,处女
503,唐一菲,湖北,1980-1989,汉,中国,娱乐,女,160-170,40-50,双子
504,曾宝仪,香港,1970-1979,汉,中国,娱乐,女,s160,40-50,双鱼
505,郁可唯,四川,1980-1989,汉,中国,娱乐,女,160-170,40-50,天秤
506,陈法拉,四川/美国,1980-1989,汉,美加,娱乐,女,160-170,40-50,双鱼
507,李玉刚,吉林,1970-1979,汉,中国,娱乐,男,170-180,50-60,狮子
508,张三丰,辽宁,1900前,汉,中国,体育,男,未知,未知,未知
509,甘婷婷,安徽,1980-1989,汉,中国,娱乐,女,160-170,40-50,水瓶
510,费翔,台湾/美国,1960-1969,未知,美加,娱乐,男,geq190,geq90,摩羯
511,萨顶顶,河南,1980-1989,汉,中国,娱乐/文艺,女,160-170,40-50,摩羯
512,满文军,北京,1960-1969,未知,中国,娱乐,男,170-180,70-80,金牛
513,谢杏芳,广东,1980-1989,汉,中国,体育,女,170-180,50-60,未知
514,邓文迪,山东,1960-1969,汉,美加,商业,女,170-180,未知,射手
515,杨元庆,安徽,1960-1969,汉,中国,未知,男,180-190,未知,未知
516,张芸京,台湾,1980-1989,汉,中国,娱乐,女,160-170,40-50,处女
517,李念,湖北,1980-1989,汉,中国,娱乐,女,160-170,40-50,双子
518,赵志刚,未知,1960-1969,未知,中国,文艺,男,未知,未知,未知
519,杨怡,香港,1970-1979,汉,中国/香港,娱乐,女,160-170,未知,处女
520,郑元畅,台湾,1980-1989,汉,中国,娱乐,男,180-190,70-80,双子
521,陈慧娴,香港,1960-1969,汉,中国,娱乐,女,s160,40-50,狮子
522,吴庚霖,台湾,1980-1989,汉,中国,娱乐,男,170-180,50-60,天蝎
523,小仓优子,日本,1980-1989,其它,日本,娱乐,女,160-170,40-50,天蝎
524,张默,其它,1980-1989,未知,中国,娱乐,男,180-190,未知,狮子
525,朴有天,韩国,1980-1989,未知,韩国,娱乐/文艺,男,170-180,60-70,双子
526,郭跃,辽宁,未知,汉,中国,未知,女,160-170,50-60,未知
527,安志杰,美国,1970-1979,汉,美加,娱乐,男,170-180,70-80,金牛
528,梁思成,日本,1900-1959,汉,中国,文艺/其它,男,未知,未知,金牛
529,刘强东,江苏,1970-1979,未知,中国,商业,男,未知,未知,未知
530,樊少皇,香港,1970-1979,汉,中国,娱乐,男,170-180,未知,双子
531,欧阳修,四川,1900前,汉,中国,文艺,男,未知,未知,未知
532,蓝洁瑛,香港,1960-1969,汉,中国,娱乐,女,160-170,40-50,金牛
533,周小川,未知,1900-1959,汉,中国,未知,男,未知,未知,水瓶
534,释永信,安徽,1960-1969,汉,中国,其它,男,未知,未知,未知
535,莫少聪,香港,1960-1969,未知,中国/香港,娱乐,男,170-180,未知,射手
536,吕丽萍,北京,1960-1969,汉,中国,娱乐/文艺/其它,女,未知,未知,白羊
537,李胜基,韩国,1980-1989,朝鲜,韩国,娱乐,男,180-190,60-70,摩羯
538,周立波,上海,1960-1969,汉,中国,娱乐/文艺,男,170-180,70-80,双子
539,焦恩俊,台湾,1960-1969,汉,中国,娱乐,男,170-180,未知,天蝎
540,毕福剑,辽宁,1900-1959,汉,中国,娱乐/文艺,男,170-180,70-80,摩羯
541,蔡健雅,其它,1970-1979,汉,新马,娱乐/文艺,女,s160,未知,水瓶
542,矢野浩二,日本,1970-1979,其它,日本,娱乐,男,170-180,60-70,水瓶
543,李雪主,未知,1980-1989,朝鲜,朝鲜,娱乐,女,160-170,未知,未知
544,吴敏霞,上海,1980-1989,汉,中国,体育,女,160-170,50-60,未知
545,贾青,陕西,1980-1989,汉,中国,娱乐,女,160-170,40-50,天蝎
546,孙骁骁,重庆,1980-1989,汉,中国,娱乐,女,160-170,40-50,金牛
547,刘亦菲,湖北/美国,1980-1989,汉,中国/美加,娱乐,女,160-170,50-60,处女
548,李菲儿,辽宁,1980-1989,汉,中国,娱乐,女,160-170,40-50,天秤
549,方力申,香港,1980-1989,汉,中国,娱乐/体育,男,170-180,未知,双鱼
550,裴涩琪,韩国,1980-1989,未知,韩国,娱乐,女,160-170,40-50,天秤
551,黄晓明,山东,1970-1979,汉,中国,娱乐/商业,男,170-180,60-70,天蝎
552,李清照,其它,1900前,汉,中国,文艺,女,未知,未知,未知
553,后弦,广西,1970-1979,汉,中国,娱乐/文艺,男,170-180,50-60,射手
554,宋庆龄,上海,1900前,未知,中国,娱乐/政治,女,未知,未知,水瓶
555,张大千,四川,未知,汉,中国,未知,男,未知,未知,未知
556,吴建豪,美国,1970-1979,汉,美加,娱乐/商业,男,170-180,70-80,狮子
557,吴凤花,未知,1970-1979,汉,中国,娱乐,女,未知,未知,未知
558,加藤鹰,未知,1960-1969,未知,日本,娱乐,男,170-180,未知,金牛
559,车晓,北京,1980-1989,汉,中国,娱乐,女,160-170,未知,双子
560,北川景子,日本,1980-1989,其它,日本,娱乐,女,s160,40-50,狮子
561,何晟铭,湖北,1970-1979,汉,中国,娱乐,男,170-180,60-70,巨蟹
562,李心洁,其它,1970-1979,汉,未知,娱乐,女,160-170,40-50,水瓶
563,赖昌星,福建,1900-1959,汉,中国,未知,男,160-170,未知,未知
564,吴卓羲,香港,1970-1979,汉,中国/香港,娱乐,男,170-180,60-70,处女
565,陈志朋,台湾,1970-1979,汉,中国,娱乐,男,170-180,60-70,金牛
566,李可染,江苏,1900-1959,汉,中国,文艺,男,未知,未知,未知
567,宋仲基,韩国,1980-1989,朝鲜,韩国,娱乐,男,170-180,60-70,处女
568,乌兰图雅,内蒙古,未知,蒙古,中国,娱乐,女,160-170,40-50,处女
569,李咏,新疆,1960-1969,汉,中国,娱乐,男,170-180,未知,金牛
570,金城武,台湾/日本,1970-1979,未知,日本,娱乐,男,170-180,60-70,天秤
571,何超仪,香港,1970-1979,汉,中国/香港,娱乐,女,s160,40-50,摩羯
572,吴映洁,台湾,1980-1989,汉,中国,娱乐,女,160-170,40-50,狮子
573,孟非,重庆,1970-1979,汉,中国,娱乐,男,170-180,未知,天秤
574,凌潇肃,陕西,1980-1989,满,中国,娱乐,男,180-190,70-80,双子
575,陈学冬,浙江,1990至今,汉,中国,娱乐,男,170-180,未知,巨蟹
576,白居易,河南,1900前,未知,中国,文艺/政治,男,未知,未知,未知
577,李玲玉,江苏,1960-1969,汉,中国,娱乐/文艺,女,160-170,40-50,白羊
578,黄立行,台湾/美国,1970-1979,汉,中国/台湾,娱乐/文艺,男,170-180,60-70,处女
579,潘石屹,甘肃,1960-1969,汉,中国,商业,男,160-170,未知,天蝎
580,郭沫若,四川,1900前,汉,中国,文艺/政治/其它,男,160-170,未知,天蝎
581,张悬,台湾,1980-1989,未知,中国/台湾,娱乐,女,160-170,40-50,双子
582,张嘉倪,四川,1980-1989,汉,中国,娱乐,女,160-170,40-50,巨蟹
583,梁文冲,未知,1970-1979,汉,中国,其它,男,170-180,未知,狮子
584,刘芳菲,内蒙古,1970-1979,汉,中国,娱乐,女,170-180,未知,天秤
585,杨思琦,香港,1970-1979,汉,中国,娱乐,女,160-170,40-50,狮子
586,李彩桦,香港,1980-1989,汉,中国,娱乐,女,160-170,50-60,天蝎
587,李玖哲,韩国,1980-1989,未知,美加,娱乐/文艺,男,170-180,未知,射手
588,宋祖德,未知,1960-1969,汉,中国,娱乐/商业/政治,男,未知,未知,处女
589,郑钧,陕西,1960-1969,汉,中国,娱乐/文艺,男,170-180,未知,天蝎
590,张栋梁,其它,1980-1989,未知,新马,娱乐,男,170-180,50-60,射手
591,苏永康,香港,1960-1969,汉,中国,娱乐,男,170-180,60-70,天秤
592,伍佰,台湾,1960-1969,未知,未知,娱乐/文艺,男,170-180,60-70,摩羯
593,许志安,香港,1960-1969,汉,中国,娱乐,男,170-180,60-70,狮子
594,王岳伦,其它,1970-1979,汉,中国,娱乐/文艺,男,170-180,未知,天秤
595,李虎,四川,1980-1989,汉,中国,文艺,男,未知,未知,未知
596,杨采妮,台湾,1970-1979,汉,中国,娱乐/文艺,女,160-170,40-50,双子
597,安雅,台湾,1970-1979,未知,中国/台湾,娱乐,女,160-170,40-50,水瓶
598,桑兰,浙江,1980-1989,未知,中国,体育,女,未知,未知,双子
599,林毅夫,台湾,1900-1959,汉,中国,科学/商业,男,未知,未知,未知
600,吕布,内蒙古,1900前,汉,中国,其它,男,未知,未知,未知
601,杨乐乐,重庆,1970-1979,汉,中国,娱乐/文艺/其它,女,160-170,40-50,巨蟹
602,戴娇倩,上海,1980-1989,汉,中国,娱乐,女,160-170,40-50,双子
603,朱芳雨,其它,1980-1989,汉,中国,未知,男,geq190,未知,未知
604,金世佳,上海,1980-1989,汉,未知,娱乐,男,180-190,70-80,天蝎
605,安心亚,台湾,1980-1989,汉,中国/台湾,娱乐,女,170-180,50-60,射手
606,金妍儿,韩国,1990至今,朝鲜,韩国,体育,女,160-170,未知,处女
607,迪克牛仔,其它,1960-1969,高山,中国/台湾,娱乐,男,170-180,70-80,未知
608,裴勇俊,韩国,1970-1979,未知,未知,娱乐/商业,男,170-180,未知,处女
609,李曼,辽宁,1980-1989,未知,中国,娱乐,女,160-170,40-50,双子
610,杜丽,山东,1980-1989,汉,中国,体育,女,160-170,50-60,双鱼
611,爱戴,四川,1970-1979,汉,中国,娱乐,女,160-170,40-50,狮子
612,许茹芸,台湾,1970-1979,汉,中国,娱乐/文艺,女,s160,40-50,处女
613,张嘉译,陕西,1970-1979,汉,中国,娱乐,男,170-180,70-80,白羊
614,张凯丽,吉林,1960-1969,汉,中国,娱乐,女,160-170,50-60,天秤
615,潘基文,韩国,1900-1959,朝鲜,韩国,政治,男,未知,未知,未知
616,河智苑,韩国,1970-1979,未知,韩国,未知,女,160-170,40-50,巨蟹
617,张铁林,河北,1900-1959,汉,中国/欧洲,娱乐/文艺,男,170-180,70-80,双子
618,贾玲,湖北,1980-1989,汉,中国,娱乐/文艺,女,160-170,未知,金牛
619,杨宗纬,台湾,1970-1979,汉,中国,娱乐,男,180-190,60-70,白羊
620,芮成钢,安徽,1970-1979,汉,中国,娱乐/其它,男,未知,未知,天秤
621,许冠杰,广东/香港,1900-1959,未知,中国,娱乐/文艺,男,170-180,未知,处女
622,李雪健,山东,1900-1959,汉,中国,未知,男,170-180,60-70,未知
623,李丽,其它,1970-1979,汉,中国,文艺/其它,女,s160,未知,射手
624,朴海镇,韩国,1980-1989,朝鲜,韩国,娱乐/文艺,男,180-190,70-80,金牛
625,山下智久,日本,1980-1989,其它,日本,娱乐,男,170-180,50-60,白羊
626,谌龙,湖北,1980-1989,汉,中国,体育,男,180-190,70-80,未知
627,周鸿祎,湖北,1970-1979,汉,中国,商业,男,未知,未知,未知
628,茅于轼,其它,1900-1959,汉,中国,科学,男,未知,未知,未知
629,李小萌,天津,1980-1989,汉,中国,娱乐,女,未知,未知,处女
630,霍启刚,香港,1970-1979,汉,中国,商业/政治,男,未知,未知,未知
631,吕良伟,香港,1900-1959,汉,中国,娱乐,男,170-180,70-80,摩羯
632,周传雄,台湾,1960-1969,汉,中国,娱乐,男,170-180,60-70,双子
633,钟楚红,香港,1960-1969,汉,中国/香港,娱乐,女,160-170,40-50,水瓶
634,韩彩英,韩国,1980-1989,未知,韩国,娱乐,女,170-180,40-50,处女
635,陈喆,四川,1900-1959,汉,中国,未知,女,s160,未知,未知
636,罗嘉良,香港,1960-1969,汉,中国,娱乐,男,170-180,70-80,射手
637,罗京,北京,1960-1969,汉,中国,娱乐/其它,男,170-180,未知,双子
638,田震,北京,1960-1969,汉,中国,娱乐,女,160-170,未知,金牛
639,宋美龄,上海,1900前,汉,中国,政治,女,未知,未知,未知
640,萧敬腾,台湾,1980-1989,其它,中国,娱乐,男,170-180,50-60,白羊
641,张钧甯,其它,1980-1989,汉,未知,未知,女,160-170,40-50,处女
642,陈信宏,台湾,1970-1979,汉,中国,娱乐/商业/文艺,男,170-180,70-80,射手
643,李金铭,山东,1980-1989,汉,未知,娱乐,女,160-170,40-50,天蝎
644,降央卓玛,其它,1980-1989,藏,中国,娱乐,女,170-180,未知,水瓶
645,秦昊,其它,1970-1979,汉,中国,娱乐,男,180-190,60-70,金牛
646,霍去病,山西,1900前,汉,中国,其它,男,未知,未知,未知
647,陈晓旭,辽宁,1960-1969,汉,中国,娱乐/商业,女,未知,未知,天蝎
648,龚琳娜,贵州,1970-1979,汉,中国,娱乐/文艺,女,未知,未知,狮子
649,黄秋生,香港,1960-1969,未知,欧洲,娱乐/文艺,男,170-180,70-80,处女
650,丰子恺,浙江,1900前,汉,中国,文艺,男,未知,未知,天蝎
651,鲍春来,湖南,1980-1989,汉,中国,娱乐,男,180-190,70-80,水瓶
652,王诗龄,北京,1990至今,汉,中国,娱乐/其它,女,未知,未知,天秤
653,保剑锋,上海,1970-1979,蒙古,中国,娱乐,男,170-180,60-70,天蝎
654,游鸿明,其它,1960-1969,汉,中国/台湾,娱乐/文艺,男,180-190,70-80,天蝎
655,安七炫,韩国,1970-1979,未知,韩国,娱乐/文艺,男,170-180,60-70,射手
656,蔡琴,台湾,1900-1959,汉,中国,娱乐/文艺,女,160-170,40-50,摩羯
657,李依晓,辽宁,1980-1989,满,中国,娱乐,女,160-170,40-50,水瓶
658,许家印,河南,1900-1959,汉,中国,商业/政治,男,未知,未知,未知
659,朴槿惠,韩国,1900-1959,朝鲜,韩国,政治,女,未知,未知,水瓶
660,张翰,黑龙江,1980-1989,汉,中国,娱乐/文艺,男,180-190,未知,天秤
661,桂纶镁,台湾,1980-1989,汉,中国,娱乐,女,160-170,40-50,摩羯
662,沙溢,吉林,1970-1979,汉,中国,娱乐,男,170-180,未知,水瓶
663,萨科齐,其它,1960-1969,未知,欧洲,未知,女,170-180,未知,未知
664,段奕宏,新疆,1970-1979,汉,中国,娱乐,男,170-180,60-70,金牛
665,范逸臣,台湾,1970-1979,其它,中国/台湾,娱乐,男,170-180,未知,天蝎
666,杨恭如,上海,1970-1979,汉,中国,娱乐,女,160-170,40-50,摩羯
667,泽尻绘里香,未知,1980-1989,其它,日本,娱乐,女,160-170,未知,白羊
668,陈晓,安徽,1980-1989,汉,中国,娱乐,男,170-180,60-70,巨蟹
669,林丹,福建,1980-1989,汉,中国,体育,男,170-180,70-80,未知
670,王菲,北京/香港,1960-1969,汉,中国,娱乐/其它,女,170-180,40-50,狮子
671,王治郅,北京,1970-1979,汉,中国,娱乐/体育,男,geq190,geq90,巨蟹
672,熊乃瑾,重庆,1980-1989,汉,中国,娱乐,女,160-170,40-50,天秤
673,温岚,台湾,1970-1979,高山,中国,娱乐,女,s160,40-50,巨蟹
674,萧蔷,台湾,1960-1969,未知,中国/台湾,娱乐/文艺,女,160-170,未知,狮子
675,温家宝,天津,1900-1959,汉,中国,政治,男,未知,未知,未知
676,娄艺潇,辽宁,1980-1989,汉,中国,娱乐,女,160-170,40-50,摩羯
677,卫青,山西,未知,汉,中国,其它,男,未知,未知,未知
678,彭丹,湖南,1970-1979,汉,中国,娱乐/文艺,女,160-170,未知,天蝎
679,陈佩斯,吉林,1900-1959,汉,中国,娱乐/文艺,男,170-180,未知,水瓶
680,季建业,未知,1900-1959,汉,中国,政治,男,未知,未知,水瓶
681,倪萍,山东,1900-1959,汉,中国,未知,女,170-180,未知,水瓶
682,张辛苑,湖北,1980-1989,汉,中国,娱乐,女,160-170,未知,射手
683,李双江,其它,1900-1959,汉,中国,文艺/其它,男,未知,未知,未知
684,刘在石,韩国,1970-1979,朝鲜,未知,娱乐,男,170-180,60-70,狮子
685,赵传,台湾,1960-1969,壮,中国,娱乐/文艺,男,160-170,60-70,双子
686,陈丹青,上海,1900-1959,汉,中国,文艺,男,未知,未知,未知
687,郑国凤,浙江,1960-1969,汉,中国,未知,女,未知,未知,未知
688,岳云鹏,河南,1980-1989,汉,未知,娱乐/文艺,男,170-180,未知,白羊
689,黄耀明,香港,1960-1969,汉,中国/香港,娱乐/文艺,男,170-180,60-70,双子
690,黄灿灿,湖北,未知,汉,中国,未知,女,160-170,未知,双鱼
691,俞思远,上海,1980-1989,汉,中国,娱乐,男,180-190,70-80,巨蟹
692,惠英红,香港,1960-1969,满,未知,娱乐,女,160-170,未知,水瓶
693,黄海波,天津,1970-1979,满,中国,娱乐,男,170-180,60-70,射手
694,周克华,重庆,1970-1979,汉,中国,未知,男,未知,未知,未知
695,堀北真希,日本,1980-1989,未知,未知,娱乐,女,s160,未知,天秤
696,陈若仪,台湾,1980-1989,汉,中国,娱乐,女,170-180,50-60,摩羯
697,郑渊洁,河北,1900-1959,汉,中国,娱乐/文艺/其它,男,未知,未知,双子
698,苏志燮,韩国,1970-1979,朝鲜,未知,娱乐,男,180-190,60-70,天蝎
699,高露,北京,1980-1989,汉,中国,娱乐,女,160-170,40-50,天秤
700,李茂,安徽,1980-1989,汉,中国,娱乐,男,180-190,60-70,巨蟹
701,王志萍,未知,1960-1969,未知,中国,娱乐/文艺,女,未知,未知,未知
702,蒙嘉慧,香港,1970-1979,汉,中国,娱乐/文艺,女,160-170,40-50,狮子
703,雷军,未知,1960-1969,汉,中国,科学/商业/文艺,男,未知,未知,未知
704,任正非,贵州,1900-1959,汉,中国,商业,男,170-180,未知,未知
705,李艾,广东,1970-1979,汉,中国,娱乐,女,170-180,50-60,摩羯
706,郭羡妮,香港,1970-1979,汉,欧洲,娱乐,女,160-170,40-50,巨蟹
707,王家卫,上海/香港,1900-1959,汉,中国,娱乐/文艺,男,180-190,未知,巨蟹
708,杨蓉,云南,1980-1989,白,中国,娱乐,女,160-170,40-50,双子
709,何姿,广西,未知,未知,中国,未知,女,s160,50-60,未知
710,许慧欣,未知,未知,未知,美加,娱乐,女,160-170,40-50,未知
711,叶倩文,台湾,1960-1969,汉,中国/香港/美加,娱乐,女,160-170,未知,天秤
712,韩艺瑟,韩国/美国,1980-1989,未知,韩国,娱乐,女,160-170,40-50,处女
713,郭可盈,香港,1970-1979,汉,中国,娱乐,女,160-170,40-50,射手
714,姚笛,浙江,1980-1989,汉,中国,娱乐,女,160-170,40-50,双鱼
715,苏晴,广西,1980-1989,汉,中国,娱乐,女,170-180,未知,双鱼
716,张东健,未知,1970-1979,未知,韩国,娱乐,男,180-190,未知,双鱼
717,李贞贤,韩国,1980-1989,未知,韩国,娱乐,女,s160,40-50,双鱼
718,洪秀全,广东,1900前,汉,中国,政治,男,未知,未知,未知
719,修杰楷,台湾,1980-1989,汉,中国,娱乐,男,170-180,60-70,双鱼
720,关颖,台湾/日本,1970-1979,汉,中国,娱乐,女,160-170,40-50,巨蟹
721,张艾嘉,台湾,1900-1959,未知,中国,娱乐/文艺,女,未知,未知,巨蟹
722,梅兰芳,北京,1900前,汉,中国,娱乐/文艺,男,未知,未知,天秤
723,焦刘洋,黑龙江,1990至今,汉,中国,体育,女,170-180,50-60,未知
724,李霄云,其它,1980-1989,汉,其它,娱乐,女,160-170,未知,双鱼
725,顾城,北京,1900-1959,汉,中国,文艺,男,未知,未知,未知
726,许绍洋,香港/美国,1970-1979,未知,美加,娱乐,男,170-180,60-70,天秤
727,王羲之,山东,1900前,汉,中国,文艺,男,未知,未知,未知
728,谢晋,其它,1900-1959,汉,中国,娱乐/文艺,男,未知,未知,天蝎
729,邱泽,台湾,1980-1989,汉,中国,娱乐,男,170-180,60-70,天秤
730,金巧巧,辽宁,1970-1979,满,中国,娱乐,女,160-170,40-50,金牛
731,王皓,吉林,1980-1989,汉,中国,娱乐/体育,男,170-180,未知,射手
732,海鸣威,其它,1980-1989,汉,中国,娱乐,男,170-180,70-80,巨蟹
733,陈赫,福建,1980-1989,汉,中国,娱乐,男,180-190,70-80,天蝎
734,谢安琪,香港,1970-1979,汉,中国/香港,娱乐,女,s160,未知,双鱼
735,蓝可儿,未知,1990至今,未知,美加,其它,女,未知,未知,未知
736,张译,黑龙江,1970-1979,汉,中国,娱乐/文艺,男,170-180,50-60,水瓶
737,佐佐木希,日本,1980-1989,其它,日本,娱乐/文艺,女,160-170,未知,水瓶
738,洪瑛,未知,1960-1969,未知,中国,娱乐,女,未知,未知,未知
739,魏晨,甘肃,1980-1989,汉,中国,娱乐,男,180-190,未知,双鱼
740,卫兰,香港,1980-1989,其它,中国,娱乐,女,160-170,40-50,白羊
741,郭书瑶,台湾,1990至今,汉,中国,娱乐,女,s160,未知,巨蟹
742,杜德伟,香港,1960-1969,汉,中国/香港/美加,娱乐/文艺,男,170-180,60-70,水瓶
743,巫启贤,其它,1960-1969,未知,新马,娱乐/文艺,男,170-180,未知,水瓶
744,潘长江,黑龙江,1900-1959,未知,中国,娱乐/文艺,男,s160,未知,巨蟹
745,李大钊,河北,1900前,汉,中国,政治/其它,男,未知,未知,未知
746,高凌风,台湾,1900-1959,汉,中国,娱乐,男,160-170,未知,双鱼
747,胡适,安徽,1900前,汉,中国,文艺,男,未知,未知,未知
748,王若琳,台湾,1980-1989,汉,中国/台湾,娱乐/文艺,女,160-170,50-60,狮子
749,刘铁男,北京,1900-1959,汉,中国,政治,男,未知,未知,未知
750,薄瓜瓜,北京,1980-1989,汉,中国,政治/其它,男,未知,未知,射手
751,邰正宵,香港,1960-1969,汉,中国,娱乐,男,未知,未知,射手
752,于正,浙江,1970-1979,汉,中国,娱乐/文艺,男,170-180,70-80,双鱼
753,丁宁,黑龙江,1990至今,汉,中国,体育,女,170-180,50-60,未知
754,安又琪,黑龙江,1980-1989,汉,中国,娱乐,女,160-170,40-50,天秤
755,陈天桥,其它,1970-1979,汉,中国,商业,男,未知,未知,未知
756,王志飞,北京,1960-1969,回,未知,娱乐,男,180-190,60-70,双鱼
757,崔智友,韩国,1970-1979,朝鲜,韩国,娱乐,女,170-180,40-50,双子
758,唐奕,上海,未知,未知,中国,未知,女,170-180,未知,未知
759,窦靖童,北京,1990至今,汉,中国,娱乐/其它,女,未知,未知,摩羯
760,钱钟书,江苏,1900-1959,汉,中国,文艺/其它,男,未知,未知,天蝎
761,陈鲁豫,上海,1970-1979,回,中国,娱乐/文艺,女,160-170,未知,双子
762,陈羽凡,北京,1970-1979,汉,中国,娱乐/商业/文艺,男,170-180,50-60,天蝎
763,白冰,陕西,1980-1989,汉,中国,娱乐,女,160-170,40-50,双子
764,王濛,未知,1980-1989,汉,中国,体育,女,160-170,未知,未知
765,毛新宇,未知,未知,汉,中国,未知,男,未知,未知,未知
766,徐佳莹,台湾,1980-1989,汉,中国,娱乐/文艺,女,s160,40-50,射手
767,孙耀威,香港,1970-1979,汉,中国,娱乐,男,170-180,60-70,摩羯
768,罗晋,江西,1980-1989,汉,中国,娱乐,男,180-190,60-70,射手
769,玄奘,河南,1900前,汉,中国,未知,男,未知,未知,未知
770,藤原纪香,日本,1970-1979,未知,日本,娱乐,女,170-180,40-50,巨蟹
771,林嘉欣,其它,1970-1979,未知,美加,娱乐,女,160-170,40-50,狮子
772,王全安,陕西,1960-1969,汉,中国,娱乐/文艺,男,未知,未知,天蝎
773,杨玉环,未知,1900前,汉,中国/美加,未知,女,未知,未知,未知
774,张俪,广西,1980-1989,汉,中国,娱乐,女,160-170,40-50,双子
775,钟镇涛,香港,1900-1959,汉,中国,娱乐/文艺,男,180-190,未知,双鱼
776,于娜,贵州,1980-1989,汉,中国,娱乐,女,170-180,50-60,双子
777,王励勤,上海,1970-1979,汉,中国,未知,男,180-190,70-80,双子
778,子辰,香港,1980-1989,汉,中国/香港,商业,男,170-180,70-80,白羊
779,长泽雅美,日本,1980-1989,未知,日本,娱乐,女,160-170,未知,双子
780,庞龙,辽宁,1970-1979,汉,中国,娱乐/文艺/其它,男,170-180,60-70,金牛
781,王岐山,山西,1900-1959,汉,中国,政治,男,未知,未知,未知
782,王栎鑫,湖南,1980-1989,汉,中国,娱乐,男,170-180,未知,摩羯
783,易中天,湖南,1900-1959,汉,中国,文艺/其它,男,未知,未知,水瓶
784,金静,未知,1960-1969,汉,中国,其它,女,未知,未知,未知
785,安在旭,韩国,1970-1979,未知,韩国,娱乐,男,170-180,未知,天蝎
786,方中信,澳门/香港,1960-1969,汉,中国/澳门,娱乐/文艺,男,180-190,未知,双鱼
787,蔡英文,其它,1900-1959,汉,中国/台湾,未知,女,未知,未知,未知
788,马龙,辽宁,1980-1989,未知,中国,体育,男,170-180,60-70,天秤
789,谢天华,香港,1960-1969,汉,中国/香港,娱乐/文艺,男,170-180,未知,巨蟹
790,叶梓萱,上海,1990至今,汉,中国,娱乐,女,160-170,40-50,天蝎
791,宋小宝,吉林,1980-1989,汉,中国,娱乐,男,160-170,未知,摩羯
792,金范,韩国,1980-1989,未知,韩国,娱乐,男,180-190,60-70,巨蟹
793,马季,北京,1900-1959,汉,中国,娱乐/文艺,男,160-170,70-80,狮子
794,樱井莉亚,日本,1980-1989,其它,日本,娱乐,女,s160,40-50,未知
795,汪苏泷,辽宁,1980-1989,满,未知,娱乐/文艺,男,170-180,60-70,处女
796,金素妍,韩国,1980-1989,未知,韩国,娱乐,女,160-170,40-50,天蝎
797,刘颖,湖南,1980-1989,汉,中国,娱乐/文艺,女,160-170,40-50,射手
798,王艳,山东,1970-1979,未知,中国,娱乐,女,160-170,40-50,水瓶
799,张萌,天津,1980-1989,汉,中国,娱乐/其它,女,170-180,40-50,双鱼
800,哈文,宁夏,1960-1969,回,中国,娱乐/文艺,女,未知,未知,白羊
801,霍建华,台湾,1970-1979,汉,中国,娱乐,男,170-180,60-70,摩羯
802,杨利伟,未知,1960-1969,汉,中国,其它,男,160-170,未知,双子
803,徐海星,四川,1980-1989,汉,中国,娱乐,女,s160,40-50,金牛
804,周丽淇,香港,1970-1979,汉,中国,娱乐,女,170-180,50-60,处女
805,曾国藩,湖南,1900前,汉,中国,文艺/政治,男,未知,未知,未知
806,郭台铭,其它,1900-1959,汉,中国/台湾,商业,男,未知,未知,天秤
807,叶海燕,湖北,1970-1979,汉,中国,文艺,女,未知,未知,天秤
808,刘少奇,湖南,1900前,汉,中国,政治/其它,男,未知,未知,未知
809,苏见信,台湾,1970-1979,汉,中国,娱乐,男,geq190,70-80,金牛
810,沈殿霞,上海,1900-1959,汉,中国,娱乐,女,s160,未知,双子
811,李龙大,韩国,未知,未知,韩国,体育,男,170-180,未知,未知
812,徐莉佳,上海,1980-1989,汉,未知,未知,女,170-180,60-70,未知
813,母其弥雅,云南,1980-1989,汉,中国,娱乐/其它,女,170-180,40-50,未知
814,刘羽琦,江苏,1980-1989,汉,中国,娱乐,女,160-170,未知,巨蟹
815,梁文博,黑龙江,1980-1989,汉,中国,体育,男,170-180,未知,未知
816,权相宇,韩国,1970-1979,未知,未知,娱乐,男,180-190,60-70,狮子
817,冯德伦,未知,1970-1979,未知,中国,娱乐,男,170-180,60-70,狮子
818,吴孟达,福建/香港,1900-1959,汉,中国,娱乐/文艺,男,170-180,geq90,摩羯
819,唐笑,湖南,1980-1989,汉,中国,娱乐,女,160-170,40-50,狮子
820,路遥,陕西,1900-1959,汉,中国,文艺,男,未知,未知,射手
821,张衡,河南,1900前,汉,中国,科学/文艺,男,未知,未知,未知
822,尹相杰,未知,未知,汉,中国,未知,男,未知,未知,未知
823,皓天,山东,未知,汉,中国,娱乐/文艺,男,170-180,60-70,狮子
824,刘力扬,北京,1980-1989,汉,中国,娱乐,女,170-180,50-60,天蝎
825,李光洁,河南,1980-1989,汉,中国,娱乐,男,180-190,60-70,金牛
826,汪明荃,上海/香港,1900-1959,汉,中国,娱乐,女,s160,40-50,处女
827,李商隐,未知,1900前,未知,中国,文艺,男,未知,未知,未知
828,温兆伦,香港,1960-1969,汉,中国/香港,娱乐,男,170-180,未知,天蝎
829,贾樟柯,山西,1970-1979,未知,中国,娱乐/文艺,男,160-170,未知,双子
830,庄心妍,广东,1990至今,汉,中国,娱乐,女,160-170,50-60,水瓶
831,许飞,其它,1980-1989,未知,中国,娱乐,女,160-170,s40,射手
832,黄义达,其它,1970-1979,未知,新马,娱乐/文艺,男,170-180,40-50,狮子
833,华罗庚,未知,1900-1959,汉,中国,科学/其它,男,未知,未知,天蝎
834,孙权,江苏,1900前,汉,未知,政治,男,未知,未知,未知
835,崔雪莉,韩国,1990至今,朝鲜,韩国,娱乐,女,160-170,40-50,白羊
836,朱梓骁,辽宁,1980-1989,汉,中国,娱乐,男,180-190,60-70,狮子
837,赵磊,山东,未知,汉,中国,未知,男,180-190,70-80,天秤
838,卓文萱,台湾,1980-1989,汉,中国,娱乐,女,s160,40-50,水瓶
839,林子祥,香港,1900-1959,汉,中国/香港,娱乐/文艺,男,170-180,未知,天秤
840,郭品超,台湾,1970-1979,汉,中国,娱乐,男,180-190,70-80,双子
841,马浚伟,香港,1970-1979,汉,中国/香港,娱乐,男,170-180,60-70,天蝎
842,张婷婷,其它,未知,汉,中国,未知,女,未知,未知,未知
843,原干惠,日本,1980-1989,未知,日本,娱乐/文艺,女,160-170,未知,巨蟹
844,黄家强,香港,1960-1969,汉,中国/香港,娱乐/文艺,男,160-170,未知,天蝎
845,林保怡,香港,1960-1969,汉,中国,娱乐,男,未知,未知,处女
846,濮存昕,北京,1900-1959,汉,中国,娱乐/文艺,男,170-180,未知,狮子
847,饶雪漫,四川,1970-1979,汉,中国,文艺,女,未知,未知,射手
848,沈从文,湖南,1900-1959,苗,中国,文艺/其它,男,未知,未知,未知
849,赵文卓,黑龙江,1970-1979,汉,中国,娱乐/体育,男,170-180,70-80,白羊
850,杉原杏璃,日本,1980-1989,其它,日本,娱乐/文艺,女,s160,未知,双子
851,赵芸蕾,湖北,未知,汉,中国,体育,女,170-180,50-60,未知
852,牛莉,河北,1970-1979,汉,中国,娱乐/文艺,女,160-170,40-50,金牛
853,范仲淹,河北,1900前,汉,中国,文艺/政治/其它,男,未知,未知,未知
854,曹云金,天津,1980-1989,回,未知,娱乐/文艺,男,170-180,未知,水瓶
855,张帅,天津,未知,汉,中国,体育,女,未知,60-70,未知
856,朱雨辰,上海,1970-1979,汉,中国,娱乐,男,170-180,60-70,双鱼
857,易思玲,湖南,未知,汉,中国,体育,女,160-170,50-60,未知
858,杨绛,北京,1900-1959,未知,中国,文艺/其它,女,未知,未知,巨蟹
859,许嵩,其它,1980-1989,汉,中国,娱乐/文艺,男,170-180,50-60,金牛
860,关心妍,香港,1970-1979,未知,美加,娱乐,女,160-170,40-50,狮子
861,林永健,山东,1970-1979,汉,中国,娱乐,男,170-180,未知,水瓶
862,胡定欣,香港,1980-1989,汉,中国/香港,娱乐,女,160-170,40-50,处女
863,李沁,江苏,1990至今,汉,中国,娱乐/商业,女,160-170,40-50,天秤
864,玉皇大帝,未知,未知,未知,中国,其它,男,未知,未知,未知
865,张亮,北京,1980-1989,汉,中国,娱乐,男,180-190,70-80,天蝎
866,吴昌硕,浙江,1900前,汉,中国,文艺,男,未知,未知,狮子
867,苏妲己,河南,未知,其它,未知,政治,女,未知,未知,未知
868,林语堂,福建,1900前,汉,中国,文艺/其它,男,未知,未知,天秤
869,宋智孝,韩国,1980-1989,朝鲜,韩国,娱乐,女,160-170,40-50,狮子
870,林黛玉,其它,未知,未知,中国,其它,女,未知,未知,未知
871,田卿,湖南,1980-1989,汉,中国,体育,女,160-170,60-70,未知
872,纪敏佳,四川,1980-1989,汉,中国,娱乐,女,160-170,未知,巨蟹
873,于右任,陕西,1900前,汉,中国,文艺/政治,男,未知,未知,未知
874,司马光,河南,1900前,汉,中国,文艺/政治,男,未知,未知,未知
875,叶童,香港,1960-1969,汉,中国,娱乐,女,170-180,未知,双鱼
876,阮玲玉,上海,1900-1959,未知,中国,娱乐,女,未知,未知,金牛
877,张近东,安徽,1960-1969,汉,未知,商业,男,未知,未知,未知
878,李炜,福建,1980-1989,汉,中国,娱乐,男,170-180,60-70,射手
879,孙悦,黑龙江,1970-1979,汉,中国,娱乐,女,160-170,50-60,巨蟹
880,李英爱,韩国,1970-1979,未知,韩国,娱乐,女,160-170,40-50,水瓶
881,张灵甫,陕西,1900-1959,汉,中国,政治,男,180-190,未知,未知
882,辰亦儒,台湾,1980-1989,未知,中国,娱乐,男,180-190,60-70,天蝎
883,辛弃疾,山东,1900前,汉,中国,文艺,男,未知,未知,未知
884,万茜,湖南,1980-1989,汉,中国,娱乐/文艺,女,160-170,40-50,金牛
885,胡军,北京,1960-1969,满,中国,娱乐,男,180-190,未知,双鱼
886,韩雪,江苏,1980-1989,汉,中国,娱乐,女,160-170,40-50,摩羯
887,李克强,安徽,1900-1959,汉,中国,未知,男,未知,未知,未知
888,白灵,四川/美国,1960-1969,其它,美加,娱乐/文艺,女,160-170,40-50,天秤
889,左溢,上海,1990至今,汉,中国,未知,男,180-190,未知,水瓶
890,孟广美,台湾,1960-1969,汉,中国/台湾,娱乐,女,170-180,未知,狮子
891,陈逸飞,未知,1900-1959,汉,中国,文艺,男,未知,未知,白羊
892,蒋方舟,湖北,1980-1989,汉,中国,娱乐/文艺,女,未知,未知,天蝎
893,蔡元培,浙江,1900前,未知,中国,政治/其它,男,未知,未知,未知
894,杜若溪,辽宁,1980-1989,回,中国,娱乐,女,160-170,未知,水瓶
895,阿穆隆,内蒙古,1980-1989,未知,中国,娱乐,男,170-180,未知,处女
896,黄龄,上海,1980-1989,汉,中国,娱乐,女,160-170,40-50,水瓶
897,李鑫,四川,1990至今,汉,中国,其它,男,未知,未知,未知
898,赵飞燕,江苏,未知,汉,中国,文艺,女,s160,未知,未知
899,马诺,北京,1980-1989,汉,中国,娱乐,女,160-170,40-50,水瓶
900,陶晶莹,台湾,1960-1969,汉,中国,娱乐/文艺,女,160-170,40-50,天蝎
901,陆雪琪,未知,未知,未知,未知,其它,女,未知,未知,未知
902,列宁,其它,1900前,俄罗斯,未知,政治/其它,男,未知,未知,金牛
903,江若琳,福建/香港,1980-1989,未知,中国,娱乐/文艺,女,160-170,40-50,天秤
904,韦唯,内蒙古,1960-1969,壮,中国,娱乐,女,160-170,50-60,天秤
905,曾沛慈,台湾,1980-1989,汉,中国,娱乐,女,170-180,40-50,天秤
906,于和伟,辽宁,1970-1979,回,中国,娱乐,男,170-180,60-70,金牛
907,蔡赟,江苏,1980-1989,未知,中国,体育,男,180-190,60-70,未知
908,林彪,湖北,1900-1959,汉,中国,未知,男,未知,未知,未知
909,姜昆,山东,1900-1959,汉,中国,娱乐/文艺,男,170-180,未知,天蝎
910,王菀之,香港,1970-1979,汉,美加,娱乐,女,s160,未知,双子
911,王适娴,江苏,1990至今,汉,中国,体育,女,160-170,50-60,水瓶
912,王学圻,北京,1900-1959,汉,中国,娱乐/文艺,男,未知,未知,双鱼
913,包贝尔,黑龙江,1980-1989,汉,中国,娱乐/文艺,男,170-180,50-60,金牛
914,陈毅,四川,1900-1959,汉,中国,政治/其它,男,未知,未知,处女
915,何多苓,未知,1900-1959,未知,中国,文艺,男,未知,未知,未知
916,潘越云,台湾,1900-1959,汉,中国,娱乐,女,160-170,未知,天蝎
917,江美琪,台湾,1980-1989,未知,中国/台湾,娱乐,女,s160,未知,狮子
918,徐志摩,浙江,1900前,汉,中国,文艺,男,未知,未知,摩羯
919,丁磊,浙江,1970-1979,汉,中国,商业,男,未知,未知,天秤
920,童瑶,云南,1980-1989,汉,中国,娱乐,女,160-170,40-50,狮子
921,金起范,韩国/美国,1980-1989,未知,未知,娱乐,男,170-180,50-60,狮子
922,翁虹,香港,1960-1969,汉,中国/香港,娱乐,女,160-170,40-50,处女
923,朴泰桓,韩国,1980-1989,朝鲜,韩国,体育,男,180-190,70-80,天秤
924,厉娜,浙江,1980-1989,汉,中国,娱乐,女,160-170,40-50,双鱼
925,辛晓琪,台湾,1960-1969,汉,中国,娱乐,女,s160,40-50,水瓶
926,李承鹏,新疆,1960-1969,未知,中国,体育/其它,男,160-170,未知,未知
927,余华,浙江,1960-1969,汉,中国,娱乐/文艺,男,未知,未知,白羊
928,凤飞飞,台湾,1900-1959,未知,中国/台湾,娱乐,女,160-170,40-50,狮子
929,艾青,浙江,1900-1959,汉,中国,文艺,男,未知,未知,金牛
930,蒋大为,天津,1900-1959,汉,美加,文艺,男,170-180,70-80,水瓶
931,金在中,韩国,1980-1989,未知,韩国,娱乐/文艺,男,170-180,60-70,水瓶
932,潘阳,黑龙江,1980-1989,汉,中国,娱乐,女,160-170,未知,双子
933,孙艺珍,韩国,1980-1989,朝鲜,韩国,娱乐,女,160-170,40-50,摩羯
934,李晟,湖南,1980-1989,汉,中国,娱乐,女,160-170,40-50,处女
935,贺龙,湖南,1900前,汉,中国,政治/其它,男,未知,未知,未知
936,秦凯,陕西,1980-1989,汉,中国,体育,男,160-170,60-70,未知
937,姜育恒,韩国,1900-1959,汉,韩国,娱乐,男,170-180,未知,天蝎
938,王阳,未知,1960-1969,汉,中国,娱乐,男,170-180,60-70,射手
939,安琥,辽宁,1970-1979,汉,中国,娱乐,男,170-180,未知,处女
940,金泰妍,韩国,1980-1989,朝鲜,未知,娱乐,女,s160,40-50,双鱼
941,蕾哈娜,其它,1980-1989,未知,其它,娱乐,女,170-180,未知,水瓶
942,朱德,四川,1900前,汉,中国,娱乐/政治/其它,男,未知,未知,射手
943,宁财神,上海,1970-1979,汉,中国,文艺,男,160-170,50-60,未知
944,孙立人,安徽,1900-1959,汉,中国,政治,男,180-190,未知,未知
945,回音哥,四川,1980-1989,汉,中国,娱乐,男,160-170,50-60,天蝎
946,阿木,四川,1970-1979,彝,中国,娱乐,男,170-180,未知,金牛
947,黄宾虹,浙江,1900前,汉,中国,未知,男,未知,未知,水瓶
948,欢子,广东,1980-1989,汉,中国,娱乐/商业/文艺,男,170-180,60-70,天秤
949,郑希怡,上海/香港,1980-1989,未知,中国/香港,娱乐,女,170-180,50-60,处女
950,朱镕基,湖南,1900-1959,汉,中国,未知,男,未知,未知,天秤
951,谢婷婷,香港,1980-1989,汉,美加,娱乐,女,160-170,50-60,处女
952,杨达才,陕西,1900-1959,汉,中国,政治,男,未知,未知,未知
953,陆小曼,上海,1900-1959,汉,中国,文艺/其它,女,未知,未知,未知
954,苗侨伟,浙江/香港,1900-1959,汉,中国,娱乐,男,170-180,70-80,双子
955,白智英,韩国,1970-1979,未知,韩国,娱乐,女,160-170,40-50,白羊
956,黄子华,香港,1960-1969,汉,中国,娱乐/文艺,男,170-180,50-60,处女
957,伏羲,甘肃,未知,其它,中国,其它,男,未知,未知,未知
958,王立军,未知,1900-1959,蒙古,中国,政治,男,未知,未知,未知
959,黄志忠,天津,1960-1969,汉,中国,娱乐,男,170-180,60-70,双鱼
960,中岛美嘉,日本,1980-1989,未知,日本,娱乐,女,s160,s40,双鱼
961,关凌,北京,1980-1989,满,中国,娱乐,女,s160,未知,白羊
962,李慧珍,浙江,1970-1979,汉,中国,娱乐,女,s160,40-50,双鱼
963,安室奈美惠,日本,1970-1979,其它,日本,娱乐/文艺,女,s160,s40,处女
964,曹方,云南,1980-1989,未知,中国,娱乐,女,160-170,未知,金牛
965,陈茵媺,其它,1980-1989,未知,未知,娱乐,女,160-170,40-50,白羊
966,羽佳,未知,未知,未知,未知,未知,男,170-180,未知,金牛
967,李源潮,江苏,1900-1959,汉,中国,政治,男,未知,未知,未知
968,王国维,浙江,1900前,汉,中国,其它,男,未知,未知,未知
969,蔡淳佳,其它,1970-1979,汉,新马,娱乐,女,160-170,40-50,狮子
970,黄家驹,广东/香港,1960-1969,汉,中国,娱乐/文艺,男,170-180,未知,双子
971,伽利略,未知,1900前,未知,欧洲,科学,男,未知,未知,未知
972,何冲,广东,1980-1989,未知,中国,未知,男,160-170,60-70,未知
973,袁成杰,上海,1980-1989,汉,中国,娱乐,男,180-190,未知,双鱼
974,当年明月,湖北,1970-1979,未知,中国,文艺,男,未知,未知,未知
975,滕海滨,其它,1980-1989,未知,中国,体育,男,s160,未知,未知
976,陈翔,甘肃,1980-1989,汉,中国,娱乐,男,170-180,60-70,射手
977,聂海胜,湖北,1960-1969,汉,中国,其它,男,未知,未知,未知
978,张飞,河北,未知,汉,中国,其它,男,未知,未知,未知
979,汪国真,北京,1900-1959,汉,中国,文艺,男,未知,未知,巨蟹
980,杜月笙,上海/江苏,1900前,汉,中国,政治,男,未知,未知,未知
981,蔡旻佑,其它,1980-1989,未知,中国,娱乐/文艺,男,170-180,60-70,天蝎
982,水原希子,日本/美国,1990至今,未知,日本/美加,娱乐,女,160-170,40-50,天秤
983,华少,浙江,1980-1989,汉,中国,娱乐,男,170-180,60-70,双鱼
984,张泉灵,上海,1970-1979,汉,中国,娱乐/其它,女,未知,未知,双子
985,唐禹哲,台湾,1980-1989,汉,中国,娱乐,男,170-180,未知,处女
986,隋棠,台湾,1980-1989,汉,中国,娱乐,女,170-180,50-60,天秤
987,张震,台湾,1970-1979,汉,中国,娱乐,男,170-180,60-70,天秤
988,欧阳震华,香港,1960-1969,汉,中国,娱乐,男,170-180,60-70,狮子
989,许昕,江苏,1990至今,汉,中国,未知,男,170-180,60-70,未知
990,丁晓红,未知,未知,汉,中国,娱乐,女,160-170,未知,未知
991,张琳芃,山东,1980-1989,回,中国,体育,男,180-190,70-80,金牛
992,洪晃,北京,1960-1969,汉,美加,商业/其它,女,未知,未知,未知
993,何穗,浙江,1980-1989,汉,中国,娱乐,女,170-180,40-50,天秤
994,郑允浩,韩国,1980-1989,未知,韩国,娱乐,男,180-190,60-70,水瓶
995,纳兰容若,未知,未知,满,中国,未知,男,未知,未知,未知
996,邵美琪,香港,1960-1969,汉,中国/香港,娱乐,女,160-170,40-50,双鱼
997,林依轮,北京/河北,1970-1979,满,中国,娱乐,男,180-190,60-70,白羊
998,古晨,未知,1980-1989,汉,中国,娱乐,女,170-180,40-50,天秤
999,李雪芮,重庆,1990至今,汉,中国,未知,女,未知,未知,未知
1000,罗家英,广东/香港,1900-1959,未知,中国,娱乐/文艺,男,170-180,未知,处女
1001,王杰,香港/台湾,1960-1969,汉,中国,娱乐,男,170-180,60-70,天秤
1002,萧煌奇,台湾,1970-1979,汉,中国,娱乐,男,未知,未知,处女
1003,侧田,美国,1970-1979,未知,美加,娱乐/文艺,男,160-170,未知,巨蟹
1004,俞飞鸿,浙江,1970-1979,汉,中国,娱乐/文艺,女,160-170,40-50,摩羯
1005,杜宪,未知,1900-1959,未知,中国,娱乐,女,未知,未知,未知
1006,歌浴森,河南,1980-1989,汉,中国,娱乐,男,170-180,50-60,金牛
1007,金恩圣,韩国,1980-1989,朝鲜,韩国,娱乐,男,170-180,50-60,处女
1008,朱熹,福建,1900前,汉,中国,政治/其它,男,未知,未知,未知
1009,韩寒,上海,1980-1989,汉,中国,娱乐/文艺,男,170-180,50-60,天秤
1010,黄海冰,上海,1970-1979,汉,中国,娱乐,男,180-190,70-80,狮子
1011,上官婉儿,陕西,1900前,汉,中国,未知,女,未知,未知,狮子
1012,柯以敏,其它,1970-1979,未知,未知,娱乐,女,170-180,未知,白羊
1013,穆婷婷,重庆,1980-1989,汉,未知,娱乐,女,160-170,40-50,摩羯
1014,陈坤,重庆,1970-1979,汉,中国,娱乐,男,170-180,未知,水瓶
1015,韩栋,浙江,1980-1989,汉,中国,娱乐,男,170-180,60-70,天蝎
1016,童安格,台湾,1900-1959,未知,中国,娱乐,男,170-180,未知,狮子
1017,陈静,香港,1980-1989,未知,中国/香港,娱乐/文艺,女,160-170,40-50,白羊
1018,徐小凤,湖北/香港,1900-1959,汉,中国,娱乐,女,s160,未知,摩羯
1019,苏慧伦,台湾,1970-1979,未知,中国,娱乐,女,160-170,未知,天蝎
1020,赵无极,其它,未知,汉,欧洲,未知,男,未知,未知,水瓶
1021,穆桂英,未知,1900前,未知,中国,其它,女,未知,未知,未知
1022,高虎,山东,1970-1979,未知,中国,娱乐,男,180-190,未知,金牛
1023,江铠同,山东,1980-1989,汉,中国,娱乐,女,160-170,40-50,天蝎
1024,左小祖咒,江苏,1970-1979,汉,中国,娱乐/文艺,男,170-180,60-70,双鱼
1025,徐冬冬,北京,1900-1959,未知,中国,文艺,男,未知,未知,未知
1026,陈淑桦,台湾,1900-1959,未知,中国/台湾,娱乐/文艺,女,160-170,未知,金牛
1027,仇晓,未知,未知,汉,中国,娱乐,女,160-170,未知,天蝎
1028,孙淳,未知,未知,汉,中国,娱乐,男,170-180,未知,巨蟹
1029,华佗,未知,未知,未知,中国,科学,男,未知,未知,未知
1030,王喜,香港,1960-1969,汉,中国,娱乐,男,170-180,60-70,狮子
1031,王仕鹏,辽宁,1980-1989,汉,中国,未知,男,geq190,未知,未知
1032,张涵予,北京,1960-1969,未知,未知,娱乐,男,170-180,未知,射手
1033,吕一,重庆,1980-1989,汉,中国,娱乐,女,160-170,50-60,摩羯
1034,柏原崇,日本,1970-1979,未知,日本,娱乐/文艺,男,170-180,60-70,双鱼
1035,腾格尔,内蒙古,1960-1969,蒙古,中国,娱乐,男,170-180,未知,未知
1036,孙艺洲,四川,1980-1989,汉,中国,娱乐,男,180-190,60-70,天秤
1037,顾长卫,陕西,1900-1959,汉,中国,娱乐/文艺,男,未知,未知,射手
1038,孙宁,江苏,1970-1979,汉,中国,娱乐/文艺,女,160-170,未知,射手
1039,柯蓝,北京,1970-1979,汉,中国,娱乐,女,160-170,40-50,狮子
1040,陶虹,江苏,1970-1979,汉,中国,娱乐/体育,女,160-170,40-50,摩羯
1041,朴智星,韩国,1980-1989,朝鲜,韩国,文艺/体育,男,170-180,60-70,双鱼
1042,张小凡,其它,未知,未知,未知,未知,男,未知,未知,未知
1043,刘芳,未知,未知,未知,未知,娱乐,女,未知,未知,射手
1044,吴宇森,其它,1900-1959,汉,中国,娱乐/文艺,男,未知,未知,处女
1045,叶德娴,香港,1900-1959,未知,中国,娱乐,女,未知,未知,摩羯
1046,马未都,北京,1900-1959,汉,中国,文艺/其它,男,未知,未知,白羊
1047,侯宝林,天津,1900-1959,满,中国,娱乐/文艺,男,未知,未知,射手
1048,张绍刚,内蒙古,1970-1979,汉,中国,娱乐/其它,男,160-170,未知,天秤
1049,秦琼,山东,1900前,汉,中国,其它,男,未知,未知,未知
1050,张维迎,陕西,1900-1959,汉,中国,其它,男,未知,未知,未知
1051,李宁,广西,1960-1969,壮,中国,商业/体育,男,160-170,未知,处女
1052,黄公望,其它,1900前,汉,中国,文艺,男,未知,未知,未知
1053,晏紫,未知,1980-1989,未知,中国,体育,女,160-170,未知,未知
1054,王珂,山东,1980-1989,汉,中国,未知,男,未知,未知,未知
1055,陈楚河,台湾,1970-1979,汉,中国,娱乐,男,170-180,未知,金牛
1056,溥仪,北京,1900-1959,满,中国,政治,男,170-180,未知,水瓶
1057,恩雅,其它,1960-1969,未知,欧洲,文艺,女,未知,未知,金牛
1058,上野树里,日本,1980-1989,未知,日本,娱乐,女,160-170,未知,双子
1059,田蕊妮,香港,1970-1979,汉,中国,娱乐,女,160-170,50-60,天秤
1060,黄永玉,湖南,1900-1959,土家,中国,文艺,男,未知,未知,狮子
1061,杨子,河北,1970-1979,汉,中国,娱乐,男,170-180,60-70,双子
1062,郑融,香港,1980-1989,未知,中国/香港,娱乐,女,s160,未知,天秤
1063,王仪涵,未知,1980-1989,未知,中国,未知,女,170-180,60-70,未知
1064,郎永淳,江苏,1970-1979,汉,中国,娱乐,男,170-180,未知,狮子
1065,苟芸慧,台湾,1980-1989,未知,美加,娱乐,女,160-170,60-70,巨蟹
1066,司马南,黑龙江,1900-1959,汉,中国,娱乐,男,未知,未知,未知
1067,陈琳,重庆,1970-1979,未知,中国,娱乐,女,160-170,未知,水瓶
1068,张作霖,辽宁,1900前,汉,中国,政治/其它,男,s160,未知,未知
1069,小彩旗,云南,1990至今,白,中国,娱乐/文艺,女,未知,未知,水瓶
1070,金正恩,其它,1980-1989,朝鲜,朝鲜,未知,男,170-180,geq90,未知
1071,黄雅莉,湖南,1980-1989,未知,中国,娱乐,女,s160,未知,白羊
1072,韩晶,青海,未知,汉,中国,未知,女,160-170,未知,巨蟹
1073,李知恩,韩国,1990至今,朝鲜,韩国,娱乐,女,160-170,40-50,金牛
1074,朴灿烈,韩国,1990至今,朝鲜,韩国,娱乐,男,180-190,60-70,射手
1075,夏雨,山东/四川,1970-1979,未知,中国,娱乐/文艺,男,170-180,未知,天蝎
1076,李行亮,其它,1980-1989,汉,中国,娱乐/文艺,男,170-180,50-60,双鱼
1077,赵普,安徽,1970-1979,汉,中国,娱乐,男,170-180,未知,金牛
1078,王大雷,辽宁,1980-1989,汉,中国,未知,男,180-190,70-80,未知
1079,李宝英,韩国,1970-1979,朝鲜,韩国,娱乐,女,160-170,40-50,摩羯
1080,何家劲,香港,1900-1959,汉,中国,娱乐/政治,男,170-180,60-70,摩羯
1081,孙耀琦,山东,1980-1989,汉,中国,娱乐,女,170-180,50-60,白羊
1082,吉杰,四川,1970-1979,彝,中国,娱乐,男,180-190,70-80,摩羯
1083,李佳航,辽宁,1980-1989,汉,中国,娱乐,男,170-180,未知,双鱼
1084,黄觉,广西,1970-1979,壮,中国,娱乐,男,180-190,未知,狮子
1085,谢贤,广东,1900-1959,汉,中国/美加,娱乐/文艺,男,170-180,未知,狮子
1086,潘辰,上海,1980-1989,汉,中国,娱乐,女,160-170,40-50,双鱼
1087,周苏红,浙江,1970-1979,汉,中国,未知,女,180-190,70-80,金牛
1088,蔡妍,韩国,1970-1979,未知,中国,娱乐,女,160-170,40-50,射手
1089,前田敦子,日本,1990至今,其它,日本,娱乐/文艺,女,160-170,40-50,巨蟹
1090,乔任梁,上海,1980-1989,汉,中国,娱乐,男,180-190,未知,天秤
1091,王刚,辽宁,1900-1959,回,中国,娱乐,男,170-180,60-70,摩羯
1092,阎维文,山西,1900-1959,汉,中国,娱乐/文艺/其它,男,170-180,未知,处女
1093,王馨平,香港,1960-1969,未知,中国,娱乐,女,170-180,未知,狮子
1094,朴智妍,韩国,1990至今,其它,韩国,娱乐,女,160-170,40-50,双子
1095,傅抱石,未知,1900-1959,汉,中国,文艺,男,未知,未知,天秤
1096,董栋,河南,1980-1989,汉,中国,体育,男,160-170,未知,未知
1097,黄美姬,未知,1980-1989,未知,韩国,未知,女,170-180,未知,未知
1098,周其凤,湖南,1900-1959,汉,中国,未知,男,未知,未知,未知
1099,蔡国庆,北京,1960-1969,回,中国,娱乐,男,170-180,未知,处女
1100,刘子歌,辽宁,1980-1989,未知,中国,体育,女,180-190,未知,未知
1101,王铮亮,其它,1970-1979,汉,中国,娱乐/文艺/其它,男,170-180,60-70,射手
1102,董永,江苏,未知,汉,未知,未知,男,未知,未知,未知
1103,吴三桂,辽宁,1900前,汉,中国,政治,男,170-180,未知,未知
1104,蒋梦婕,安徽,1980-1989,汉,未知,娱乐,女,160-170,40-50,射手
1105,柏拉图,其它,1900前,未知,欧洲,其它,男,未知,未知,未知
1106,蒋经国,其它,1900-1959,汉,中国,政治,男,未知,未知,未知
1107,王功权,未知,未知,未知,未知,商业,男,未知,未知,未知
1108,蒋劲夫,湖南,1990至今,汉,中国,娱乐,男,180-190,未知,处女
1109,林风眠,未知,1900-1959,汉,中国,文艺,男,未知,未知,天蝎
1110,赵蕊蕊,其它,1980-1989,汉,中国,未知,女,geq190,70-80,未知
1111,谭耀文,香港,1960-1969,未知,中国/香港,娱乐/商业,男,170-180,60-70,双鱼
1112,萧伯纳,其它,1900前,未知,欧洲,文艺,男,未知,未知,巨蟹
1113,秦汉,上海/台湾,1900-1959,汉,中国,娱乐,男,180-190,70-80,巨蟹
1114,胡灵,贵州,1980-1989,汉,中国,娱乐,女,s160,未知,巨蟹
1115,黄智雯,香港,1980-1989,汉,中国/香港,娱乐,女,160-170,未知,射手
1116,付辛博,陕西,1980-1989,汉,中国,娱乐,男,180-190,60-70,双鱼
1117,许美静,其它,1970-1979,未知,中国,娱乐,女,160-170,未知,天秤
1118,轩尼诗,山东,1980-1989,汉,中国,娱乐,男,180-190,未知,白羊
1119,邵兵,其它,未知,汉,中国,未知,男,180-190,70-80,水瓶
1120,马良,未知,1900前,汉,中国,其它,男,未知,未知,未知
1121,朴敏英,韩国,1980-1989,朝鲜,未知,娱乐,女,160-170,40-50,双鱼
1122,斓曦,安徽,1980-1989,汉,中国,娱乐,女,160-170,40-50,处女
1123,李琛,其它,1970-1979,汉,中国,娱乐,男,160-170,50-60,金牛
1124,文强,重庆/四川,1900-1959,汉,中国,政治,男,未知,未知,未知
1125,郜林,其它,1980-1989,汉,中国,未知,男,180-190,70-80,未知
1126,刘忻,黑龙江,1980-1989,汉,中国,娱乐,女,160-170,40-50,双子
1127,沈昌珉,韩国,1980-1989,未知,韩国,娱乐/文艺,男,180-190,60-70,水瓶
1128,吴冠中,江苏,1900-1959,汉,中国,文艺,男,未知,未知,未知
1129,刘洋,河南,1970-1979,汉,中国,未知,女,未知,未知,未知
1130,茅盾,浙江,1900前,汉,中国,文艺/其它,男,未知,未知,未知
1131,沈腾,黑龙江,1970-1979,汉,中国,娱乐,男,170-180,未知,天蝎
1132,糯康,其它,1960-1969,傣,其它,其它,男,160-170,未知,天蝎
1133,黎耀祥,香港,1960-1969,汉,中国,娱乐,男,170-180,60-70,金牛
1134,周韵,浙江,1970-1979,未知,中国,娱乐,女,160-170,50-60,射手
1135,尔冬升,未知,1900-1959,未知,中国,娱乐/文艺,男,180-190,未知,未知
1136,何可欣,北京,1990至今,汉,中国,体育,女,s160,40-50,未知
1137,黄大炜,香港,1960-1969,未知,中国,未知,男,170-180,未知,未知
1138,雷政富,未知,1900-1959,汉,中国,政治,男,未知,未知,未知
1139,唐艺昕,四川,1980-1989,汉,未知,娱乐,女,160-170,40-50,射手
1140,柳云龙,山东,1960-1969,汉,中国,娱乐,男,180-190,60-70,白羊
1141,窦骁,陕西,1980-1989,汉,美加,娱乐,男,180-190,70-80,射手
1142,范志毅,上海,1960-1969,汉,其它,娱乐,男,180-190,70-80,天蝎
1143,二宫和也,日本,1980-1989,未知,日本,娱乐,男,160-170,50-60,双子
1144,余男,辽宁,1970-1979,汉,中国,娱乐,女,160-170,40-50,处女
1145,习仲勋,未知,1900-1959,未知,中国,政治/其它,男,未知,未知,未知
1146,宇多田光,日本/美国,1980-1989,未知,日本/美加,娱乐/文艺,女,s160,未知,摩羯
1147,魏秋月,天津,未知,汉,中国,未知,女,180-190,70-80,未知
1148,潘虹,上海/江苏,1900-1959,未知,中国,娱乐/文艺,女,170-180,未知,天蝎
1149,阿炳,未知,1900前,未知,中国,文艺,男,未知,未知,未知
1150,黄继光,四川,1900-1959,汉,中国,未知,男,s160,40-50,未知
1151,丁子高,未知,1970-1979,未知,未知,其它,男,170-180,未知,狮子
1152,郭晋安,香港,1960-1969,汉,中国/香港,娱乐,男,170-180,未知,天秤
1153,叶世荣,香港,1960-1969,汉,中国,娱乐/文艺,男,170-180,60-70,狮子
1154,廖昌永,未知,1960-1969,汉,中国,文艺,男,未知,未知,天蝎
1155,沙宝亮,北京,1970-1979,回,中国,娱乐/文艺,男,170-180,70-80,摩羯
1156,毛舜筠,香港,1900-1959,汉,中国,娱乐/文艺,女,160-170,未知,天蝎
1157,曹丕,安徽,1900前,汉,中国,文艺/政治,男,未知,未知,未知
1158,丁子峻,香港,1970-1979,汉,中国/香港,娱乐,男,170-180,未知,金牛
1159,钱嘉乐,香港,1960-1969,未知,中国,娱乐/体育,男,170-180,60-70,狮子
1160,袁厉害,未知,未知,未知,中国,未知,女,未知,未知,未知
1161,井上雄彦,日本,1960-1969,其它,日本,娱乐/文艺,男,160-170,未知,摩羯
1162,刘松仁,香港,1900-1959,汉,中国,娱乐/文艺,男,170-180,未知,天秤
1163,赵紫阳,河南,1900-1959,汉,未知,未知,男,未知,未知,未知
1164,佟文,未知,1980-1989,未知,中国,体育,女,170-180,geq90,未知
1165,夏奇拉,其它,1970-1979,其它,未知,娱乐/文艺,女,s160,50-60,水瓶
1166,孙继海,辽宁,1970-1979,汉,中国,娱乐/体育,男,180-190,70-80,天秤
1167,茜拉,其它,1990至今,其它,新马,娱乐,女,160-170,未知,狮子
1168,杜锋,新疆,1980-1989,回,中国,未知,男,geq190,未知,未知
1169,侯耀华,北京,1900-1959,满,中国,娱乐/文艺,男,未知,未知,摩羯
1170,胡夏,广西,1990至今,汉,中国,娱乐,男,180-190,未知,双鱼
1171,何佩瑜,北京/香港,1980-1989,汉,中国,娱乐,女,170-180,未知,白羊
1172,华国锋,未知,1900-1959,汉,中国,政治,男,未知,未知,未知
1173,萧红,黑龙江,1900-1959,汉,中国,未知,女,未知,未知,未知
1174,何香凝,其它,1900前,汉,中国,文艺,女,未知,未知,未知
1175,谈莉娜,广西,1980-1989,汉,中国,娱乐,女,160-170,40-50,处女
1176,欧阳夏丹,广西,1970-1979,汉,中国,娱乐,女,160-170,40-50,狮子
1177,黄庭坚,其它,1900前,未知,中国,文艺,男,未知,未知,未知
1178,方滨兴,黑龙江,1960-1969,汉,中国,其它,男,未知,未知,未知
1179,小栗旬,日本,1980-1989,未知,日本,娱乐/文艺,男,180-190,60-70,摩羯
1180,陈珊妮,上海/台湾,1970-1979,未知,中国,娱乐/文艺,女,160-170,未知,巨蟹
1181,童蕾,浙江,1980-1989,未知,中国,娱乐,女,160-170,40-50,摩羯
1182,陈建斌,新疆,1970-1979,回,中国,娱乐/文艺,男,170-180,70-80,巨蟹
1183,薛佳凝,黑龙江,1970-1979,汉,中国,娱乐,女,160-170,40-50,狮子
1184,孙陶然,吉林,1960-1969,未知,中国,未知,男,未知,未知,未知
1185,张力尹,其它,1980-1989,彝,中国,娱乐,女,160-170,40-50,双鱼
1186,金莎,上海,1980-1989,汉,中国,娱乐,女,160-170,40-50,双鱼
1187,刘鹤,北京,1900-1959,汉,中国,政治,男,未知,未知,未知
1188,韩一菲,内蒙古,1980-1989,汉,中国,娱乐/文艺,女,160-170,未知,双子
1189,郑佩佩,上海,1900-1959,汉,未知,娱乐,女,未知,未知,未知
1190,林正英,上海/香港,1900-1959,汉,中国,娱乐/文艺/体育,男,160-170,50-60,摩羯
1191,张婉悠,未知,未知,未知,中国,娱乐,女,160-170,未知,双子
1192,张伦硕,山东,1980-1989,汉,中国,娱乐,男,180-190,70-80,巨蟹
1193,廉颇,山西/山东,未知,未知,未知,其它,男,未知,未知,未知
1194,熊天平,台湾,1960-1969,汉,中国,娱乐/体育,男,170-180,未知,处女
1195,大张伟,北京,1980-1989,汉,未知,娱乐,男,170-180,50-60,处女
1196,郭艾伦,辽宁,1990至今,未知,中国,未知,男,geq190,未知,未知
1197,肖传国,湖北,1900-1959,未知,中国,其它,男,未知,未知,未知
1198,白静,辽宁,1980-1989,锡伯,中国,娱乐,女,160-170,40-50,双子
1199,宋楚瑜,湖南,1900-1959,汉,中国,政治,男,未知,未知,双鱼
1200,刘谦,台湾,1970-1979,汉,中国,娱乐,男,170-180,60-70,巨蟹
1201,刘著,四川,1990至今,汉,中国,娱乐,男,160-170,40-50,摩羯
1202,黄小琥,台湾,1960-1969,汉,中国,娱乐,女,170-180,未知,双子
1203,安徒生,其它,1900前,未知,欧洲,商业/文艺,男,未知,未知,白羊
1204,胡耀邦,未知,1900-1959,汉,中国,未知,男,未知,未知,未知
1205,冯远征,北京,1960-1969,汉,中国,娱乐/文艺,男,170-180,未知,天蝎
1206,聂鑫,山西,1980-1989,汉,中国,娱乐,女,160-170,40-50,天秤
1207,胡佳,其它,1980-1989,未知,中国,体育,男,160-170,未知,摩羯
1208,赵菁,未知,1990至今,未知,中国,体育,女,170-180,未知,未知
1209,陈悦,浙江,未知,汉,中国,文艺,女,未知,未知,未知
1210,惠若琪,辽宁,1990至今,汉,中国,未知,女,geq190,70-80,未知
1211,拉德万斯卡,其它,1980-1989,未知,未知,未知,女,170-180,50-60,未知
1212,韩信,江苏,1900前,汉,中国,其它,男,未知,未知,未知
1213,孔庆东,黑龙江,1960-1969,汉,中国,其它,男,未知,未知,未知
1214,张自忠,山东,1900前,汉,中国,其它,男,未知,未知,狮子
1215,周柏豪,香港,1980-1989,未知,中国/香港,娱乐,男,180-190,未知,天蝎
1216,郭冬临,安徽,1960-1969,汉,中国,娱乐/文艺,男,180-190,未知,天秤
1217,曾一鸣,湖南,1980-1989,汉,中国,娱乐/文艺,男,170-180,60-70,巨蟹
1218,唐英年,香港,1900-1959,汉,中国,政治,男,未知,未知,处女
1219,王姬,北京,1960-1969,汉,中国,娱乐,女,160-170,未知,巨蟹
1220,郭树清,其它,1900-1959,汉,中国,政治,男,未知,未知,未知
1221,王薇薇,其它,1900-1959,未知,未知,其它,女,未知,未知,未知
1222,陈键锋,香港,1970-1979,汉,中国,娱乐,男,180-190,60-70,金牛
1223,郭爽,其它,未知,蒙古,中国,娱乐/文艺,男,160-170,60-70,未知
1224,胡斌,未知,未知,汉,中国,其它,男,未知,未知,未知
1225,沈冰,江苏,1970-1979,汉,中国,政治,女,170-180,未知,未知
1226,潘迎紫,江苏/台湾,1900-1959,汉,中国,娱乐,女,160-170,40-50,双子
1227,汪精卫,未知,1900前,未知,中国,商业/政治,男,未知,未知,未知
1228,薛蛮子,广东,1900-1959,未知,中国,商业,男,未知,未知,未知
1229,金海心,北京,1970-1979,朝鲜,中国/朝鲜,娱乐/文艺,女,160-170,未知,天蝎
1230,宋新妮,台湾,1970-1979,未知,中国,娱乐,女,160-170,未知,水瓶
1231,马景涛,台湾,1960-1969,汉,中国,娱乐,男,180-190,未知,水瓶
1232,卢巧音,香港,1970-1979,汉,中国,娱乐,女,160-170,未知,天秤
1233,常昊,上海,1970-1979,未知,中国,未知,男,170-180,70-80,未知
1234,毕加索,未知,1900前,未知,欧洲,文艺,男,未知,未知,未知
1235,泳儿,香港,1980-1989,未知,新马,娱乐,女,160-170,未知,天秤
1236,李阳,江苏,1960-1969,汉,中国,娱乐/其它,男,180-190,未知,巨蟹
1237,立威廉,其它,1970-1979,未知,新马,娱乐,男,170-180,60-70,狮子
1238,陈独秀,安徽,1900前,汉,中国,政治,男,未知,未知,未知
1239,邱波,四川,未知,汉,中国,未知,男,160-170,geq90,未知
1240,董文华,其它,1960-1969,汉,中国,娱乐/文艺/政治/其它,女,160-170,40-50,巨蟹
1241,廖凡,湖南,1970-1979,汉,中国,娱乐,男,170-180,未知,水瓶
1242,呛口小辣椒,重庆,1980-1989,汉,中国,其它,女,160-170,40-50,白羊
1243,姜维,未知,1900前,未知,中国,其它,男,未知,未知,未知
1244,韩真真,陕西,1980-1989,汉,中国,娱乐,女,160-170,未知,白羊
1245,李维嘉,湖南,1970-1979,汉,未知,娱乐,男,160-170,未知,天蝎
1246,韩美林,山东,1900-1959,汉,中国,文艺,男,未知,未知,未知
1247,坛蜜,日本,1980-1989,其它,日本,娱乐,女,s160,未知,射手
1248,章龄之,上海,未知,汉,中国,娱乐,女,160-170,40-50,未知
1249,江蕙,台湾,1960-1969,汉,中国/台湾,娱乐,女,160-170,40-50,处女
1250,刘心悠,台湾,1980-1989,汉,中国,娱乐,女,160-170,未知,白羊
1251,马德钟,香港,1960-1969,未知,中国/香港,娱乐,男,180-190,未知,巨蟹
1252,卢广仲,台湾,1980-1989,高山,中国/台湾,娱乐/文艺,男,170-180,60-70,巨蟹
1253,李颖芝,山东,未知,汉,中国,娱乐,女,170-180,40-50,天秤
1254,吴英,未知,1980-1989,汉,中国,商业,女,未知,未知,未知
1255,姚芊羽,湖南,1970-1979,汉,中国,娱乐,女,160-170,40-50,射手
1256,东永裴,韩国,1980-1989,未知,韩国,娱乐,男,170-180,50-60,金牛
1257,阿杜,福建,1970-1979,汉,新马,娱乐,男,170-180,60-70,双鱼
1258,久石让,日本,1900-1959,未知,日本,娱乐/文艺,男,未知,未知,射手
1259,贺军翔,台湾,1980-1989,汉,中国,娱乐,男,170-180,60-70,摩羯
1260,张德江,未知,1900-1959,汉,中国,政治,男,未知,未知,未知
1261,郭文珺,陕西,1980-1989,汉,中国,体育,女,160-170,50-60,未知
1262,邵佳一,其它,1980-1989,未知,中国,体育,男,180-190,未知,白羊
1263,陈美琪,香港,1900-1959,未知,中国,娱乐/文艺,女,160-170,未知,天秤
1264,谢依霖,台湾,1990至今,汉,中国/台湾,娱乐,女,s160,40-50,双鱼
1265,金素恩,韩国,1980-1989,未知,韩国,娱乐,女,160-170,40-50,处女
1266,邓萃雯,香港,1960-1969,汉,中国,娱乐,女,160-170,40-50,双鱼
1267,刘亚仁,韩国,1980-1989,未知,韩国,娱乐,男,170-180,60-70,天秤
1268,关诗敏,美国,1990至今,未知,美加,娱乐/其它,女,160-170,未知,天秤
1269,徐锦江,黑龙江,1960-1969,满,中国,娱乐,男,180-190,geq90,天秤
1270,林申,北京,1980-1989,汉,中国,娱乐,男,170-180,60-70,天蝎
1271,杨雪,其它,1980-1989,汉,中国,娱乐,女,160-170,40-50,天秤
1272,段暄,北京,1970-1979,汉,中国,娱乐/政治,男,未知,未知,巨蟹
1273,张瑞希,韩国,1970-1979,朝鲜,韩国,娱乐,女,160-170,40-50,摩羯
1274,邓鸣贺,河北,1990至今,汉,中国,娱乐,男,未知,未知,双子
1275,王凯,湖北,1980-1989,汉,中国,娱乐,男,180-190,60-70,狮子
1276,秦桧,未知,1900前,未知,中国,未知,男,未知,未知,未知
1277,甄妮,澳门,1900-1959,汉,中国,娱乐,女,未知,未知,双鱼
1278,徐根宝,上海,1900-1959,汉,未知,未知,男,未知,未知,未知
1279,王小帅,上海,1960-1969,未知,中国,娱乐/文艺,男,未知,未知,摩羯
1280,刘汉,四川,1960-1969,汉,中国,商业,男,未知,未知,未知
1281,李毓芬,台湾,1980-1989,未知,中国/台湾,娱乐,女,160-170,未知,金牛
1282,韩正,未知,1900-1959,汉,中国,政治,男,未知,未知,未知
1283,刘虹,江西,未知,未知,中国,未知,女,160-170,40-50,未知
1284,徐磊,浙江,1980-1989,汉,中国,商业/文艺,男,未知,未知,双鱼
1285,黄韵玲,台湾,1960-1969,未知,中国,娱乐/文艺,女,160-170,40-50,天秤
1286,张楠,北京,未知,汉,中国,体育,男,180-190,70-80,未知
1287,王琳,上海,1970-1979,汉,中国,娱乐,女,160-170,40-50,处女
1288,孙雯,上海,1970-1979,汉,中国,未知,女,160-170,50-60,未知
1289,蔡锷,未知,1900前,未知,中国,其它,男,未知,未知,未知
1290,苏芮,台湾,1900-1959,未知,中国,娱乐,女,s160,未知,双子
1291,绫濑遥,日本,1980-1989,其它,日本,娱乐,女,160-170,40-50,白羊
1292,阚清子,黑龙江,1980-1989,满,中国,娱乐,女,160-170,40-50,白羊
1293,蓝正龙,台湾,1970-1979,汉,中国,娱乐,男,170-180,60-70,双鱼
1294,王中磊,北京,1970-1979,未知,中国,娱乐,男,170-180,未知,白羊
1295,曲婉婷,黑龙江,1980-1989,汉,中国,娱乐/文艺,女,160-170,未知,天秤
1296,周春芽,未知,1900-1959,未知,中国,文艺,男,未知,未知,未知
1297,周洋,未知,1990至今,未知,中国,体育,女,s160,未知,未知
1298,朱小丹,其它,1900-1959,汉,中国,未知,男,未知,未知,未知
1299,庹宗康,未知,1970-1979,土家,中国,娱乐,男,170-180,未知,狮子
1300,丁薇,未知,未知,未知,中国,娱乐,女,160-170,未知,未知
1301,雪村,其它,1960-1969,未知,中国,娱乐/文艺,男,160-170,未知,白羊
1302,单田芳,天津,1900-1959,汉,中国,文艺,男,170-180,未知,射手
1303,李翊君,台湾,1960-1969,汉,中国/台湾,娱乐/文艺,女,s160,40-50,金牛
1304,俞正声,未知,1900-1959,汉,中国,未知,男,未知,未知,未知
1305,曹骏,上海,1980-1989,汉,未知,娱乐,男,170-180,60-70,水瓶
1306,张海迪,山东,1900-1959,汉,中国,文艺,女,未知,未知,处女
1307,张峻宁,江苏,1980-1989,汉,中国,娱乐,男,180-190,未知,白羊
1308,林散之,其它,1900前,未知,中国/美加,文艺,男,未知,未知,未知
1309,王自如,黑龙江,1980-1989,未知,中国,科学,男,170-180,未知,双子
1310,阎锡山,山西,1900前,汉,中国,政治,男,未知,未知,未知
1311,张玮,内蒙古,1980-1989,汉,中国,娱乐,男,170-180,50-60,处女
1312,郭达,陕西,1900-1959,汉,中国,未知,男,180-190,70-80,双子
1313,冀中星,山东,1970-1979,汉,中国,其它,男,未知,未知,未知
1314,柳永,其它,1900前,其它,中国,文艺,男,未知,未知,未知
1315,张茜,江苏/香港,1970-1979,汉,中国,娱乐,女,160-170,40-50,水瓶
1316,佟健,未知,1970-1979,满,中国,未知,男,180-190,70-80,未知
1317,林智慧,韩国,1980-1989,未知,韩国,娱乐/文艺,女,170-180,40-50,水瓶
1318,黄宏,黑龙江,1960-1969,汉,中国,娱乐/文艺,男,170-180,未知,双子
1319,吕颂贤,香港,1960-1969,汉,中国,娱乐/文艺,男,170-180,70-80,水瓶
1320,成方圆,北京,1960-1969,汉,中国,娱乐/文艺,女,未知,未知,处女
1321,潘玉良,其它,1900前,汉,中国,文艺,女,未知,未知,未知
1322,曹国伟,上海,未知,汉,中国,商业,男,未知,未知,未知
1323,吴雨霏,香港,1980-1989,汉,中国/香港,娱乐,女,160-170,40-50,双子
1324,伏尔泰,其它,1900前,未知,欧洲,文艺/其它,男,未知,未知,射手
1325,刚小希,北京,未知,汉,中国,娱乐,女,160-170,40-50,狮子
1326,谢苗,北京,1980-1989,汉,中国,娱乐,男,160-170,未知,金牛
1327,陆虎,河南,1980-1989,汉,中国,娱乐/文艺,男,170-180,60-70,金牛
1328,张智尧,香港/台湾,1970-1979,高山,中国,娱乐,男,170-180,60-70,金牛
1329,木村拓哉,日本,1970-1979,其它,日本,娱乐,男,170-180,50-60,天蝎
1330,广末凉子,日本,1980-1989,其它,日本,娱乐,女,160-170,未知,巨蟹
1331,傅晶,湖北,1970-1979,未知,中国,娱乐,女,160-170,未知,双鱼
1332,冬日娜,未知,未知,蒙古,中国,未知,女,未知,未知,未知
1333,刘承俊,韩国/美国,1970-1979,朝鲜,美加,娱乐,男,170-180,70-80,射手
1334,袁博,其它,1990至今,汉,中国,文艺,男,未知,未知,未知
1335,大岛优子,日本,1980-1989,其它,日本,娱乐/文艺,女,s160,40-50,天秤
1336,李苦禅,山东,1900前,未知,中国,文艺/其它,男,未知,未知,未知
1337,欧豪,福建,1990至今,汉,未知,娱乐,男,170-180,60-70,天秤
1338,曹轩宾,陕西,1980-1989,汉,其它,娱乐/文艺,男,未知,未知,巨蟹
1339,夏梦,上海,1900-1959,汉,美加,娱乐,女,未知,未知,水瓶
1340,冯坤,未知,1970-1979,汉,中国,体育,女,180-190,未知,未知
1341,周慧敏,香港,1960-1969,汉,中国/香港,娱乐,女,160-170,40-50,天蝎
1342,李妮娜,辽宁,1980-1989,汉,中国,体育,女,160-170,50-60,双鱼
1343,崔胜贤,韩国,1980-1989,朝鲜,未知,娱乐,男,180-190,60-70,天蝎
1344,万芳,台湾,1960-1969,未知,中国/台湾,娱乐,女,160-170,未知,巨蟹
1345,朱之文,山东,1960-1969,汉,中国,未知,男,未知,未知,射手
1346,李永波,辽宁,1960-1969,汉,中国,娱乐/体育,男,未知,未知,处女
1347,陈柏宇,香港,1980-1989,未知,中国,娱乐,男,160-170,60-70,巨蟹
1348,吴铮真,福建,1980-1989,汉,中国,娱乐/其它,女,160-170,未知,白羊
1349,马晋,江苏,1980-1989,未知,中国,未知,女,160-170,未知,未知
1350,唐慧,湖南,1970-1979,汉,未知,其它,女,未知,未知,未知
1351,周云蓬,未知,1970-1979,未知,中国,娱乐,男,未知,未知,未知
1352,陈柏霖,台湾,1980-1989,汉,中国,娱乐,男,170-180,60-70,处女
1353,狄龙,广东/香港,1900-1959,汉,中国,娱乐/文艺,男,170-180,geq90,狮子
1354,秋瑾,福建,1900前,未知,中国,政治,女,未知,未知,未知
1355,高以翔,台湾,1980-1989,未知,中国/台湾,娱乐,男,geq190,未知,处女
1356,吴碧霞,湖南,未知,汉,中国,文艺/其它,女,未知,未知,未知
1357,李海娜,其它,1980-1989,未知,未知,娱乐,女,s160,s40,摩羯
1358,杜牧,陕西,1900前,汉,中国,文艺,男,未知,未知,未知
1359,李宗翰,湖北,1970-1979,满,中国,娱乐,男,未知,未知,天蝎
1360,戚继光,山东,1900前,汉/蒙古,中国,文艺/其它,男,未知,未知,未知
1361,朴寒星,韩国,1980-1989,朝鲜,韩国,娱乐,女,160-170,40-50,天蝎
1362,周扬,辽宁,未知,汉,中国,娱乐/文艺,女,160-170,40-50,双子
1363,斯琴高丽,黑龙江,1980-1989,蒙古,中国,娱乐,女,160-170,40-50,摩羯
1364,李泰民,韩国,1990至今,朝鲜,韩国,娱乐,男,170-180,50-60,巨蟹
1365,黄小蕾,重庆,未知,汉,中国,娱乐,女,160-170,未知,金牛
1366,工藤新一,未知,未知,未知,日本,其它,男,未知,未知,金牛
1367,胡可,浙江,1970-1979,汉,中国,娱乐,女,160-170,40-50,射手
1368,刘菲,辽宁,1970-1979,未知,中国,体育,女,未知,未知,未知
1369,尹天照,广东,1960-1969,汉,中国,娱乐,男,170-180,60-70,天蝎
1370,王勇平,湖南,1900-1959,汉,中国,文艺/政治,男,未知,未知,未知
1371,韩乔生,其它,1900-1959,未知,中国,娱乐/体育,男,未知,未知,天秤
1372,潘天寿,浙江,1900前,未知,中国,文艺/其它,男,未知,未知,未知
1373,唐国强,山东,1900-1959,未知,中国,娱乐,男,170-180,未知,金牛
1374,马鸣,未知,未知,未知,中国,未知,男,180-190,未知,双子
1375,张优,上海,1990至今,汉,中国,娱乐,女,s160,40-50,白羊
1376,白光,未知,1900-1959,未知,中国,未知,女,未知,未知,未知
1377,洪卓立,香港,1980-1989,未知,未知,娱乐,男,170-180,50-60,双鱼
1378,斯琴格日乐,内蒙古,1960-1969,蒙古,中国,娱乐,女,160-170,40-50,射手
1379,燕子李三,山东/河北,未知,汉,中国,未知,男,未知,未知,未知
1380,星云大师,江苏,未知,汉,中国,未知,男,未知,未知,未知
1381,山口百惠,日本,1900-1959,其它,日本,娱乐,女,160-170,未知,摩羯
1382,颜丙燕,北京/山东,1970-1979,汉,中国,娱乐,女,160-170,未知,射手
1383,柯佳嬿,台湾,1980-1989,未知,中国/台湾,娱乐,女,160-170,40-50,摩羯
1384,申雪,其它,1970-1979,汉,中国,娱乐/体育,女,s160,40-50,天蝎
1385,张睿,辽宁,1980-1989,回,中国,娱乐,男,170-180,60-70,白羊
1386,高洪波,北京,1960-1969,回,中国,未知,男,170-180,未知,未知
1387,郭雪芙,台湾,1980-1989,汉,中国,娱乐,女,160-170,40-50,巨蟹
1388,温雅,广东,1980-1989,汉,未知,娱乐,女,170-180,40-50,金牛
1389,汪鑫,未知,1980-1989,未知,中国,体育,女,160-170,未知,天蝎
1390,陈可辛,香港,1960-1969,未知,中国,娱乐/文艺,男,160-170,未知,射手
1391,西野翔,日本,1980-1989,其它,日本,娱乐,女,s160,未知,巨蟹
1392,吴琼,安徽,1960-1969,汉,中国,娱乐/文艺,女,s160,未知,未知
1393,陈红,未知,1960-1969,未知,中国,娱乐,女,160-170,未知,未知
1394,史铁生,北京,未知,汉,中国,娱乐/文艺,男,未知,未知,未知
1395,幸田来未,日本,1980-1989,其它,日本,娱乐,女,s160,40-50,天蝎
1396,孙浩,陕西,1960-1969,汉,中国,娱乐/文艺,男,170-180,60-70,摩羯
1397,邱心志,台湾,1960-1969,汉,中国,娱乐,男,170-180,60-70,白羊
1398,贾云,浙江,1960-1969,未知,中国,娱乐,男,未知,未知,未知
1399,袁惟仁,台湾,1960-1969,未知,中国,娱乐/文艺,男,未知,未知,巨蟹
1400,杨棋涵,山东,1990至今,汉,中国,娱乐,女,160-170,40-50,摩羯
1401,萨达姆,其它,1900-1959,未知,其它,政治,男,180-190,未知,金牛
1402,韩三平,其它,1900-1959,未知,中国,娱乐,男,未知,未知,天秤
1403,王小玮,辽宁,1980-1989,汉,中国,娱乐/文艺,女,160-170,未知,处女
1404,白龙王,广东,1900-1959,未知,中国,未知,男,未知,未知,未知
1405,崔健,北京,1960-1969,朝鲜,中国,娱乐/文艺,男,170-180,未知,狮子
1406,吴静钰,江西,未知,汉,中国,体育,女,160-170,40-50,未知
1407,冯仑,陕西,1900-1959,汉,中国,商业,男,未知,未知,未知
1408,洛天依,未知,1990至今,未知,未知,其它,女,s160,未知,未知
1409,蒲巴甲,四川,1980-1989,藏,中国,娱乐/文艺,男,170-180,未知,巨蟹
1410,邬君梅,上海/美国,1960-1969,汉,美加,娱乐,女,160-170,40-50,水瓶
1411,禹晋永,未知,1960-1969,汉,中国,商业,男,未知,未知,未知
1412,朴施厚,韩国,1970-1979,朝鲜,未知,娱乐,男,180-190,60-70,白羊
1413,白龙马,其它,未知,未知,中国,其它,男,未知,未知,未知
1414,张纪中,山东,1900-1959,汉,中国,娱乐/文艺/政治,男,180-190,geq90,处女
1415,郭蔼明,香港,1960-1969,汉,中国/香港,娱乐,女,160-170,未知,天秤
1416,张启明,重庆,未知,汉,中国,未知,男,未知,未知,未知
1417,林弯弯,江苏,1990至今,汉,中国,娱乐,女,未知,40-50,狮子
1418,金美辛,山东,1980-1989,朝鲜,中国,娱乐/文艺,女,未知,未知,狮子
1419,管仲,安徽,1900前,未知,中国,政治,男,未知,未知,未知
1420,王浩信,新疆,1980-1989,未知,中国,娱乐/文艺,男,180-190,未知,巨蟹
1421,朱哲琴,其它,未知,汉,中国,娱乐/文艺,女,未知,未知,双子
1422,孙敬媛,吉林,1980-1989,回,中国,娱乐,女,160-170,未知,双子
1423,董贞,福建,1980-1989,汉,中国,娱乐,女,s160,未知,处女
1424,李琦,江苏,1990至今,汉,中国,娱乐,男,未知,未知,摩羯
1425,刘胡兰,山西,1900-1959,未知,中国,政治,女,未知,未知,未知
1426,王赞,未知,1900-1959,未知,中国,文艺,男,未知,未知,未知
1427,庞伟,河北,1980-1989,未知,中国,体育,男,170-180,70-80,未知
1428,方力钧,未知,1960-1969,未知,中国,文艺,男,未知,未知,未知
1429,周艳泓,江苏,未知,汉,中国,娱乐/文艺,女,160-170,40-50,天秤
1430,碧瑶,其它,未知,汉,中国,其它,女,未知,未知,未知
1431,印小天,辽宁,1970-1979,汉,中国,娱乐,男,170-180,未知,水瓶
1432,林爽,辽宁,1980-1989,汉,中国,娱乐,女,160-170,未知,双鱼
1433,马连良,北京,1900-1959,回,中国,娱乐/文艺,男,未知,未知,双鱼
1434,藤井莉娜,日本,1980-1989,未知,日本,娱乐,女,160-170,未知,巨蟹
1435,苏妙玲,广东,1990至今,汉,中国,娱乐,女,未知,未知,狮子
1436,颜真卿,未知,1900前,汉,中国,文艺/政治,男,未知,未知,未知
1437,李稻葵,未知,1960-1969,汉,中国,其它,男,未知,未知,未知
1438,易欣,浙江,1970-1979,未知,中国,娱乐,男,170-180,未知,射手
1439,张菲,台湾,1900-1959,未知,中国,娱乐,男,160-170,未知,射手
1440,朱迅,北京,1970-1979,汉,中国,娱乐,女,160-170,40-50,处女
1441,姜大卫,江苏/香港,1900-1959,汉,中国,娱乐/文艺,男,170-180,未知,巨蟹
1442,谢君豪,香港,1960-1969,汉,中国,娱乐/文艺,男,170-180,未知,白羊
1443,姜岚昕,其它,1970-1979,汉,中国,商业/其它,男,未知,未知,白羊
1444,王熙然,辽宁,1990至今,汉,中国,娱乐,女,170-180,未知,狮子
1445,洪辰,江苏,1990至今,汉,中国,娱乐,女,160-170,40-50,天秤
1446,陈嘉庚,福建,1900前,汉,中国,商业/其它,男,未知,未知,天秤
1447,周杰,陕西,1970-1979,汉,中国,娱乐,男,180-190,60-70,狮子
1448,黄飞鸿,未知,1900前,未知,中国,体育/其它,男,未知,未知,未知
1449,刘宪华,韩国,1980-1989,未知,美加,娱乐,男,170-180,60-70,天秤
1450,刘家辉,未知,1900-1959,未知,中国,娱乐,男,未知,未知,未知
1451,孙芸芸,其它,1970-1979,未知,中国,娱乐,女,160-170,未知,金牛
1452,陈晓东,上海/香港,1970-1979,汉,中国,娱乐,男,180-190,60-70,处女
1453,仲满,江苏,未知,汉,中国,未知,男,180-190,70-80,未知
1454,山田优,日本,1980-1989,未知,未知,娱乐,女,160-170,40-50,巨蟹
1455,罗援,四川,1900-1959,汉,中国,未知,男,未知,未知,未知
1456,周芷若,其它,未知,汉,未知,其它,女,未知,未知,未知
1457,赵宏博,黑龙江,1970-1979,满,中国,娱乐/体育,男,170-180,70-80,处女
1458,宫崎葵,日本,1980-1989,未知,未知,娱乐,女,160-170,40-50,射手
1459,高娅媛,上海,1980-1989,汉,中国,娱乐,女,160-170,未知,天秤
1460,赵灵儿,未知,未知,其它,其它,未知,女,160-170,40-50,白羊
1461,方文山,台湾,1960-1969,汉,中国,娱乐/文艺,男,170-180,40-50,水瓶
1462,董其昌,上海,1900前,汉,中国,文艺,男,未知,未知,未知
1463,林宇中,未知,1970-1979,未知,新马,娱乐,男,170-180,未知,未知
1464,张定涵,北京,1980-1989,汉,中国,娱乐,女,160-170,未知,处女
1465,周觅,湖北/韩国,1980-1989,汉,中国,娱乐,男,180-190,60-70,白羊
1466,吴千语,浙江/香港,1990至今,汉,中国,娱乐,女,160-170,未知,天蝎
1467,杜琪峰,香港,1900-1959,汉,中国/香港,娱乐/文艺,男,170-180,未知,金牛
1468,王晶,香港,1900-1959,未知,中国,娱乐/文艺,男,170-180,未知,金牛
1469,刘美含,广东,1990至今,汉,中国,娱乐,女,s160,s40,白羊
1470,植村秀,未知,未知,未知,日本,文艺,男,未知,未知,未知
1471,严歌苓,未知,1900-1959,未知,中国,娱乐/文艺,女,未知,未知,未知
1472,徐立,安徽,1980-1989,汉,中国,娱乐,女,160-170,40-50,水瓶
1473,李嫣,北京,1990至今,汉,中国,未知,女,未知,未知,双子
1474,迟帅,山东,1980-1989,未知,中国,娱乐,男,180-190,60-70,天蝎
1475,吕瑶,未知,1990至今,汉,中国,娱乐/文艺,女,170-180,未知,水瓶
1476,靳东,山东,1970-1979,汉,中国,娱乐,男,180-190,70-80,摩羯
1477,徐正曦,上海,1980-1989,汉,中国,娱乐,男,180-190,60-70,金牛
1478,邓琳琳,安徽,1990至今,汉,中国,娱乐/体育,女,s160,s40,金牛
1479,吴京,北京,1970-1979,满,中国,娱乐/文艺/体育,男,170-180,60-70,白羊
1480,董浩,北京,1900-1959,汉,中国,娱乐/文艺,男,未知,未知,未知
1481,蒋蒋,贵州,1990至今,汉,中国,娱乐/文艺,男,170-180,50-60,天秤
1482,吴敬琏,未知,1900-1959,未知,中国,科学,男,未知,未知,未知
1483,田雨,未知,未知,未知,中国,娱乐,男,170-180,70-80,未知
1484,张若昀,北京,1980-1989,汉,中国,娱乐,男,180-190,60-70,处女
1485,杨过,江西,未知,汉,中国,其它,男,未知,未知,未知
1486,李思捷,香港,1970-1979,汉,中国,娱乐,男,170-180,未知,白羊
1487,祖海,安徽,1970-1979,汉,中国,娱乐/文艺,女,160-170,40-50,金牛
1488,高梓淇,山西,1980-1989,汉,中国,娱乐,男,180-190,70-80,金牛
1489,王阳明,浙江/台湾/美国,1980-1989,高山,未知,娱乐,男,180-190,未知,天蝎
1490,孙雅,甘肃,1980-1989,汉,中国,娱乐,女,160-170,40-50,双子
1491,叶莉,上海,1980-1989,未知,中国,未知,女,180-190,未知,天蝎
1492,央吉玛,西藏,1980-1989,门巴,中国,未知,女,170-180,40-50,金牛
1493,李靓蕾,未知,1980-1989,汉,美加,其它,女,160-170,40-50,天秤
1494,池贤宇,未知,1980-1989,未知,韩国,娱乐,男,180-190,70-80,未知
1495,田华,未知,未知,未知,中国,娱乐,女,未知,未知,未知
1496,丁锦辉,浙江,1980-1989,汉,中国,未知,男,geq190,未知,未知
1497,赤西仁,日本,1980-1989,其它,日本,娱乐/文艺,男,170-180,未知,巨蟹
1498,何云伟,北京,1980-1989,汉,中国,娱乐/文艺,男,未知,未知,摩羯
1499,巩汉林,辽宁,1900-1959,汉,中国,娱乐/文艺,男,170-180,未知,天秤
1500,宁浩,山西,1970-1979,汉,中国,娱乐/文艺,男,未知,未知,处女
1501,柏寒,未知,1900-1959,未知,中国,娱乐/文艺,女,未知,未知,未知
1502,蒋英,未知,1900-1959,汉,中国,文艺/政治/其它,女,未知,未知,狮子
1503,谭盾,湖南,1900-1959,汉,中国,文艺,男,未知,未知,狮子
1504,张辽,其它,1900前,汉,中国,其它,男,未知,未知,未知
1505,郭珍霓,黑龙江,1980-1989,汉,中国,娱乐,女,160-170,40-50,摩羯
1506,甘薇,重庆,1980-1989,汉,中国,娱乐,女,160-170,40-50,双子
1507,梦洁,上海,1980-1989,汉,中国,未知,女,160-170,未知,水瓶
1508,李晔,未知,1900前,未知,中国,政治,男,未知,未知,未知
1509,亦舒,未知,1900-1959,未知,中国,文艺/其它,女,未知,未知,未知
1510,李健,黑龙江,1970-1979,汉,中国,娱乐,男,170-180,60-70,天秤
1511,周涛,安徽,1960-1969,汉,中国,娱乐,女,160-170,未知,白羊
1512,傅莹,未知,1900-1959,蒙古,中国,政治,女,未知,未知,未知
1513,陈小春,广东/香港,1960-1969,汉,中国,娱乐,男,170-180,60-70,巨蟹
1514,吴景彪,福建,未知,汉,中国,体育,男,s160,50-60,未知
1515,春树,未知,1980-1989,未知,中国,文艺,女,未知,未知,未知
1516,李智楠,上海,1980-1989,汉,中国,娱乐,男,180-190,60-70,天秤
1517,徐誉滕,江苏,1980-1989,汉,中国,娱乐/文艺,男,170-180,60-70,水瓶
1518,斯琴高娃,广东,1900-1959,未知,中国,娱乐,女,160-170,未知,水瓶
1519,伍思凯,台湾,1960-1969,汉,中国,娱乐,男,170-180,未知,狮子
1520,麦家,未知,1960-1969,汉,未知,未知,男,未知,未知,未知
1521,张志新,未知,1900-1959,未知,中国,未知,女,未知,未知,未知
1522,包小柏,台湾,1960-1969,未知,美加,娱乐/文艺,男,170-180,未知,金牛
1523,庄泳,未知,1970-1979,汉,中国,体育,女,170-180,未知,狮子
1524,刘宏,未知,未知,未知,中国,政治,男,未知,未知,未知
1525,曺圭贤,韩国,1980-1989,朝鲜,未知,娱乐/文艺,男,170-180,未知,水瓶
1526,陈强,未知,1900-1959,未知,中国,娱乐,男,未知,未知,未知
1527,毛戈平,浙江,1960-1969,汉,中国,文艺/政治,男,未知,未知,狮子
1528,郁达夫,浙江,1900前,汉,中国,未知,男,未知,未知,射手
1529,柯景腾,台湾,1970-1979,汉,中国,娱乐/文艺,男,160-170,50-60,处女
1530,胡戈,未知,1970-1979,未知,中国,文艺,男,170-180,60-70,未知
1531,吴辰君,台湾,1970-1979,未知,中国,娱乐,女,160-170,40-50,狮子
1532,陈一舟,未知,1960-1969,汉,中国,商业,男,未知,未知,未知
1533,白若溪,北京,1980-1989,未知,中国,娱乐/文艺,女,170-180,50-60,金牛
1534,陈龙,上海/香港,1970-1979,汉,中国,娱乐,男,170-180,60-70,狮子
1535,王忠,未知,未知,未知,中国,政治/其它,男,未知,未知,未知
1536,梁烈唯,香港,1970-1979,未知,中国,娱乐,男,170-180,未知,白羊
1537,姜武,河北,1960-1969,汉,中国,娱乐,男,180-190,未知,天蝎
1538,景海鹏,未知,1960-1969,汉,中国,其它,男,未知,未知,未知
1539,朱智勋,韩国,1980-1989,未知,韩国,娱乐,男,180-190,60-70,金牛
1540,李小龙,香港/美国,1900-1959,汉,中国/美加,娱乐/文艺,男,170-180,60-70,射手
1541,李丁,山东/河北,1900-1959,汉,中国,娱乐,男,未知,未知,未知
1542,王啸坤,河北,1980-1989,汉,中国,娱乐,男,170-180,50-60,双鱼
1543,窦文涛,河北,1960-1969,汉,中国,娱乐/文艺,男,未知,未知,狮子
1544,孙茜,甘肃,1980-1989,汉,未知,娱乐,女,160-170,40-50,射手
1545,伊瓜因,其它,1980-1989,未知,欧洲,体育,男,180-190,geq90,未知
1546,周晓欧,未知,1960-1969,未知,中国,娱乐,男,170-180,未知,狮子
1547,陈美,其它,1970-1979,未知,欧洲,娱乐,女,未知,未知,未知
1548,杜康,河南,未知,其它,中国,其它,男,未知,未知,未知
1549,罗中旭,未知,未知,汉,中国,娱乐,男,170-180,未知,双鱼
1550,王重阳,陕西,1900前,汉,中国,其它,男,未知,未知,未知
1551,窦智孔,台湾,1970-1979,汉,中国,娱乐,男,170-180,未知,天秤
1552,卓依婷,台湾,1980-1989,汉,中国,娱乐,女,160-170,50-60,天秤
1553,洪天明,香港,1970-1979,未知,中国,娱乐,男,180-190,geq90,巨蟹
1554,盛光祖,其它,1900-1959,汉,中国,政治,男,未知,未知,未知
1555,张拉拉,其它,1980-1989,满,中国,娱乐,女,160-170,未知,双子
1556,李佳薇,其它,1980-1989,未知,新马,娱乐,女,s160,40-50,双子
1557,孙二娘,其它,未知,汉,中国,娱乐,女,未知,未知,未知
1558,孙明明,黑龙江,1980-1989,汉,中国,娱乐,男,geq190,未知,处女
1559,小光,未知,未知,未知,未知,未知,男,未知,未知,未知
1560,黄胄,未知,1900-1959,未知,中国,文艺/其它,男,未知,未知,未知
1561,戴旭,河南,1960-1969,汉,中国,其它,男,未知,未知,未知
1562,何晴,浙江,1960-1969,汉,中国,娱乐/文艺,女,160-170,50-60,摩羯
1563,段誉,云南,未知,白,中国,政治,男,未知,未知,双鱼
1564,李泰兰,韩国,1970-1979,未知,韩国,娱乐,女,160-170,未知,白羊
1565,李京,未知,未知,未知,中国,娱乐,男,未知,未知,未知
1566,乌兰托娅,内蒙古,未知,蒙古,中国,娱乐,女,160-170,40-50,狮子
1567,杨臣刚,未知,1970-1979,未知,中国,娱乐,男,未知,未知,未知
1568,邢傲伟,山东,1980-1989,汉,中国,娱乐/体育,男,160-170,60-70,水瓶
1569,冯潇霆,辽宁,1980-1989,汉,中国,未知,男,180-190,70-80,未知
1570,王仁甫,未知,1980-1989,未知,中国,娱乐,男,170-180,未知,处女
1571,曾恺玹,台湾,1980-1989,汉,中国/台湾,娱乐,女,160-170,40-50,金牛
1572,王烁,北京,1980-1989,汉,中国,商业,男,160-170,未知,金牛
1573,李好,湖南,1980-1989,汉,中国,娱乐,男,170-180,60-70,天秤
1574,林柯彤,湖北,1980-1989,汉,中国,娱乐/其它,女,170-180,40-50,处女
1575,陈豪,香港,1970-1979,汉,其它,娱乐,男,180-190,70-80,白羊
1576,朴树,江苏,1970-1979,汉,中国,娱乐/文艺,男,170-180,未知,天蝎
1577,张角,未知,未知,未知,中国,未知,男,未知,未知,未知
1578,叶祖新,浙江,1980-1989,汉,中国,娱乐,男,170-180,50-60,巨蟹
1579,边伯贤,韩国,1990至今,朝鲜,未知,娱乐,男,170-180,50-60,金牛
1580,胡志明,其它,1900前,京,其它,政治,男,未知,未知,未知
1581,杨德昌,上海,1900-1959,未知,中国,娱乐/文艺,男,未知,未知,天蝎
1582,西木,未知,未知,未知,中国,其它,男,未知,未知,未知
1583,鞠萍,北京,1960-1969,汉,中国,娱乐,女,160-170,未知,水瓶
1584,钱枫,上海,1980-1989,汉,中国,娱乐,男,180-190,未知,处女
1585,杨舒婷,浙江,1980-1989,汉,中国,娱乐,女,160-170,40-50,白羊
1586,王虎,江苏,1990至今,汉,中国,商业,男,未知,未知,狮子
1587,段林希,云南,1990至今,汉,中国,娱乐/文艺,女,160-170,未知,天秤
1588,董成鹏,吉林,1980-1989,汉,中国,娱乐/文艺,男,170-180,未知,摩羯
1589,车胜元,韩国,1970-1979,未知,未知,娱乐,男,180-190,70-80,双子
1590,王筝,陕西,1980-1989,未知,中国,娱乐,女,160-170,40-50,未知
1591,傅家俊,香港,1970-1979,未知,中国/香港/美加,体育,男,170-180,50-60,未知
1592,金英权,韩国,1990至今,朝鲜,朝鲜,未知,男,180-190,70-80,未知
1593,王勃,未知,1900前,汉,中国,文艺,男,未知,未知,未知
1594,周挺,辽宁,1970-1979,未知,中国,体育,男,180-190,70-80,摩羯
1595,赵旭日,其它,1980-1989,未知,中国,体育,男,180-190,70-80,射手
1596,刘庭羽,上海,1980-1989,汉,中国,娱乐,女,160-170,40-50,射手
1597,龚爱爱,陕西,1960-1969,汉,中国,其它,女,未知,未知,未知
1598,范明,江苏,1960-1969,汉,未知,娱乐,男,170-180,70-80,天秤
1599,叶蓓,北京,1970-1979,汉,中国,娱乐,女,170-180,50-60,双鱼
1600,李玟雨,韩国,1970-1979,未知,韩国,娱乐/商业/文艺,男,170-180,50-60,处女
1601,蔡明,北京,1960-1969,回,中国,娱乐/文艺,女,160-170,未知,天秤
1602,杨乃文,台湾,1970-1979,未知,中国,娱乐/文艺,女,160-170,未知,双鱼
1603,梁志天,香港,1900-1959,未知,未知,未知,男,未知,未知,未知
1604,吴大维,美国,1960-1969,汉,美加,娱乐/文艺,男,170-180,70-80,天秤
1605,陈晓丹,上海,未知,未知,中国,未知,女,未知,未知,未知
1606,曹丽,陕西,1970-1979,汉,中国,娱乐,女,s160,未知,未知
1607,贾宝玉,其它,未知,汉,中国,其它,男,未知,未知,未知
1608,巴特尔,内蒙古/河北,1970-1979,蒙古,中国,娱乐/体育,男,geq190,未知,射手
1609,金基德,韩国,1960-1969,朝鲜,韩国,娱乐/文艺,男,未知,未知,射手
1610,林一峰,香港,1970-1979,汉,中国,娱乐/文艺,男,160-170,50-60,白羊
1611,李玮峰,吉林,1970-1979,未知,中国,体育,男,180-190,未知,射手
1612,高俊熙,韩国,1980-1989,朝鲜,韩国,娱乐,女,170-180,40-50,处女
1613,付梦妮,贵州,1980-1989,苗,中国,娱乐,女,s160,40-50,巨蟹
1614,戚美珍,香港,1960-1969,未知,中国,娱乐,女,160-170,未知,摩羯
1615,刘蓓,北京,1960-1969,汉,中国,娱乐,女,160-170,未知,天蝎
1616,梁心颐,美国,1980-1989,未知,美加,娱乐,女,s160,40-50,金牛
1617,松隆子,日本,1970-1979,其它,日本,娱乐/文艺,女,160-170,未知,双子
1618,金俊秀,韩国,1980-1989,朝鲜,韩国,娱乐/文艺,男,170-180,50-60,射手
1619,梁文音,台湾,1980-1989,其它,未知,娱乐,女,s160,40-50,白羊
1620,林伟贤,台湾,1960-1969,未知,中国,商业/文艺,男,未知,未知,未知
1621,胡蓉,未知,1970-1979,未知,中国,文艺,女,未知,未知,天秤
1622,姜凯,未知,1970-1979,未知,未知,商业,男,未知,未知,未知
1623,德仁,日本,1960-1969,其它,日本,未知,男,未知,未知,未知
1624,曹仁,安徽,1900前,汉,中国,其它,男,未知,未知,未知
1625,吴磊,上海,1990至今,汉,中国,娱乐/其它,男,170-180,50-60,摩羯
1626,呼斯楞,其它,未知,蒙古,中国,娱乐,男,170-180,60-70,双子
1627,柴崎幸,日本,1980-1989,其它,日本,娱乐/文艺,女,s160,未知,狮子
1628,陈辰,浙江,1970-1979,未知,中国,未知,女,160-170,未知,金牛
1629,张无忌,其它,1900前,未知,中国,其它,男,未知,未知,未知
1630,和晶,未知,1960-1969,回,中国,娱乐,女,未知,未知,未知
1631,李庄,未知,1960-1969,汉,中国,其它,男,未知,未知,未知
1632,杉本有美,日本,1980-1989,未知,日本,娱乐,女,未知,未知,白羊
1633,高山峰,台湾,1970-1979,未知,中国/台湾,娱乐,男,170-180,未知,天秤
1634,陆俊,未知,1900-1959,汉,中国,体育,男,170-180,未知,未知
1635,赖声川,美国,1900-1959,未知,未知,文艺/其它,男,未知,未知,未知
1636,孟瑶,未知,未知,汉,中国,娱乐,女,160-170,未知,双子
1637,萧何,江苏,1900前,汉,中国,政治,男,未知,未知,未知
1638,户田惠梨香,日本,1980-1989,未知,未知,娱乐,女,160-170,40-50,狮子
1639,王亚平,未知,未知,未知,中国,未知,女,未知,未知,金牛
1640,玉木宏,日本,1980-1989,未知,日本,娱乐/文艺,男,170-180,未知,摩羯
1641,郑则仕,广东/香港,1900-1959,汉,中国/香港,娱乐/文艺,男,170-180,geq90,双子
1642,星野亚希,日本,1970-1979,未知,日本,娱乐,女,160-170,未知,双鱼
1643,刘丹,未知,1900-1959,汉,中国,娱乐,男,160-170,70-80,未知
1644,鲁班,山东,未知,未知,中国,其它,男,未知,未知,未知
1645,郑杰,未知,未知,未知,中国,文艺,女,未知,未知,未知
1646,孙菲菲,陕西,1980-1989,汉,中国,娱乐,女,160-170,40-50,双鱼
1647,牛群,天津,1900-1959,未知,中国,娱乐/文艺,男,未知,未知,未知
1648,胡静,云南,1970-1979,汉,中国,娱乐,女,160-170,40-50,天蝎
1649,王一梅,辽宁,1980-1989,汉,中国,未知,女,180-190,geq90,未知
1650,刘浩龙,香港,1970-1979,未知,中国,娱乐,男,未知,未知,狮子
1651,张籽沐,安徽,1990至今,汉,中国,娱乐/其它,女,s160,未知,摩羯
1652,唐志中,美国,1970-1979,汉,中国/台湾,娱乐,男,170-180,未知,天蝎
1653,刘志,未知,1900前,未知,中国,政治,男,未知,未知,未知
1654,瑞莎,其它,1980-1989,其它,欧洲,娱乐,女,170-180,未知,双鱼
1655,张路,未知,1900-1959,汉,中国,体育,男,未知,未知,未知
1656,张蔷,未知,1960-1969,汉,中国,娱乐,女,160-170,未知,射手
1657,彭坦,湖北,1970-1979,汉,中国,娱乐/文艺,男,170-180,未知,双鱼
1658,猪哥亮,台湾,1900-1959,未知,中国/台湾,娱乐,男,160-170,60-70,射手
1659,钱泳辰,其它,1980-1989,汉,中国,娱乐,男,170-180,60-70,射手
1660,元斌,韩国,1970-1979,朝鲜,韩国,娱乐,男,170-180,60-70,天蝎
1661,许戈辉,北京,1960-1969,汉,中国,娱乐,女,160-170,未知,射手
1662,王耀庆,台湾,1970-1979,汉,中国,娱乐,男,170-180,70-80,巨蟹
1663,师洋,甘肃,1980-1989,汉,中国,未知,男,180-190,未知,未知
1664,于丹,北京,1960-1969,汉,中国,娱乐/其它,女,未知,未知,巨蟹
1665,玉泽演,韩国,1980-1989,未知,韩国,娱乐/商业,男,180-190,70-80,摩羯
1666,高旗,未知,1960-1969,汉,中国,未知,男,未知,未知,双鱼
1667,侯孝贤,广东/台湾,1900-1959,汉,中国,娱乐/文艺,男,160-170,未知,白羊
1668,王冕,浙江,1900前,汉,中国,文艺,男,未知,未知,未知
1669,陈展鹏,香港,1970-1979,未知,中国,娱乐,男,180-190,60-70,摩羯
1670,于小彤,辽宁,1990至今,汉,中国,娱乐/其它,男,geq190,未知,双子
1671,马友友,其它,1900-1959,汉,中国,文艺/其它,男,未知,未知,天秤
1672,龙永图,湖南,1900-1959,汉,中国,政治,男,未知,未知,未知
1673,翟晓川,河北,1990至今,未知,中国,未知,男,geq190,未知,未知
1674,黑泽明,日本,1900-1959,其它,日本,娱乐/文艺,男,180-190,未知,白羊
1675,周晓鸥,北京,1960-1969,汉,中国,娱乐,男,170-180,geq90,狮子
1676,王晰,辽宁,1980-1989,汉,中国,娱乐,男,180-190,60-70,白羊
1677,佐藤健,日本,1980-1989,其它,日本,娱乐,男,160-170,50-60,白羊
1678,黄舒骏,台湾,1960-1969,未知,中国/台湾,娱乐/文艺,男,170-180,未知,摩羯
1679,黄旭,未知,1970-1979,未知,中国,体育,男,160-170,未知,未知
1680,吴建飞,浙江,1980-1989,汉,中国,娱乐,男,170-180,60-70,天秤
1681,李明博,未知,1900-1959,未知,韩国,政治,男,未知,未知,未知
1682,秦怡,未知,1900-1959,汉,中国,娱乐/文艺,女,未知,未知,未知
1683,张宝,未知,1980-1989,汉,中国,商业,男,未知,未知,未知
1684,王朔,江苏,1900-1959,满,中国,娱乐/文艺,男,未知,未知,处女
1685,马国明,香港,1970-1979,未知,中国/香港/美加,娱乐,男,180-190,70-80,水瓶
1686,席慕容,未知,1900-1959,未知,中国,文艺,女,未知,未知,未知
1687,珉豪,其它,1990至今,未知,韩国,未知,男,180-190,60-70,射手
1688,筱崎爱,日本,1990至今,其它,日本,娱乐,女,s160,40-50,双鱼
1689,申纪兰,未知,1900-1959,汉,中国,其它,女,未知,未知,未知
1690,范伟,辽宁,1960-1969,汉,中国,娱乐,男,170-180,70-80,处女
1691,孙光,未知,未知,未知,中国,政治,男,未知,未知,未知
1692,路金波,河南,1970-1979,汉,中国,商业/文艺,男,未知,未知,未知
1693,板野友美,日本,1990至今,其它,日本,娱乐,女,s160,s40,狮子
1694,王晓理,未知,1980-1989,未知,中国,体育,女,未知,未知,未知
1695,刘冉,未知,未知,汉,中国,未知,男,未知,未知,未知
1696,马凯,上海,1900-1959,汉,中国,未知,男,未知,未知,未知
1697,香川真司,日本,1980-1989,其它,未知,未知,男,170-180,60-70,双鱼
1698,刘江,山东,1960-1969,汉,中国,娱乐/文艺,男,未知,未知,水瓶
1699,谢文骏,上海,1990至今,汉,中国,体育,男,180-190,geq90,未知
1700,杨二车娜姆,美国,1970-1979,蒙古/纳西,美加,娱乐/文艺,女,170-180,未知,处女
1701,郭金,黑龙江,1970-1979,汉,中国,娱乐,女,160-170,未知,巨蟹
1702,龙斌,其它,未知,汉,中国,娱乐,男,180-190,未知,双子
1703,杜聪,山东,1990至今,汉,中国,娱乐/文艺/其它,男,170-180,未知,狮子
1704,刘仁娜,韩国,1980-1989,朝鲜,韩国,娱乐,女,160-170,40-50,双子
1705,朱时茂,山东,1900-1959,汉,中国,娱乐/文艺,男,170-180,未知,白羊
1706,于谦,北京,1960-1969,汉,中国,娱乐/文艺,男,170-180,未知,水瓶
1707,宋晓波,上海,1980-1989,汉,中国,娱乐,男,180-190,70-80,摩羯
1708,徐云龙,北京,1970-1979,汉,中国,体育,男,180-190,未知,水瓶
1709,代乐乐,北京,1980-1989,汉,中国,娱乐,女,160-170,40-50,巨蟹
1710,李倩,湖南,1980-1989,汉,中国,娱乐,女,s160,s40,双鱼
1711,尤勇,未知,1960-1969,未知,中国,娱乐,男,170-180,未知,未知
1712,萨日娜,内蒙古,1960-1969,蒙古,中国,娱乐,女,160-170,未知,天蝎
1713,聂树斌,其它,1970-1979,汉,中国,其它,男,未知,未知,天蝎
1714,米老鼠,美国,1900-1959,未知,欧洲,文艺,男,未知,未知,未知
1715,郑敏,福建,1900-1959,未知,中国,文艺/其它,女,未知,未知,未知
1716,卢冠廷,香港,1900-1959,汉,中国/香港/美加,娱乐/文艺,男,未知,未知,处女
1717,李玹雨,韩国,1990至今,未知,未知,娱乐,男,170-180,50-60,白羊
1718,丁少华,甘肃,1980-1989,回,中国,娱乐,男,170-180,未知,处女
1719,马三立,未知,1900-1959,回,中国,娱乐/文艺,男,未知,未知,未知
1720,鲁肃,安徽,1900前,汉,中国,未知,男,未知,未知,未知
1721,刘心,辽宁,1980-1989,回,中国,娱乐/文艺,男,160-170,未知,处女
1722,傅强,未知,1900-1959,汉,中国,文艺,男,未知,未知,未知
